Név;Kategória;Ár
"ALLon4 cirkon híd csavarozott Nobel Implantátumokra";"Dental Excellence";1
"Allon6 csavarozott cirkon híd NOBEL implantátumokra";"Dental Excellence";2
"Átmenő csavarral implantátumon rögzülő cirkon fémmentes korona ( Dental Excellence)";"Dental Excellence";3
"Átmenőcsavaros ideiglenes korona implantátumra";"Dental Excellence";4
"Átmenőcsavaros rögzítésű fém kerámia korona implantátumhoz";"Dental Excellence";5
"Belső fogfehérítés 1 fogon";"Dental Excellence";6
"Biomimetikus Everix rövidüvegszálas kompozit megerősítés";"Dental Excellence";7
"Biomimetikus ládaemelés";"Dental Excellence";8
"Biomimetikus Ribbond polietilén rost stabilizálás";"Dental Excellence";9
"Biomimetikus Tömés ( Dental Excellence )";"Dental Excellence";10
"BPS – biofunkcionális protézis individualizált alaplemezzel (egy állcsont készítése esetén)";"Dental Excellence";11
"BPS Fogsor alábélelés";"Dental Excellence";12
"E-max héjak";"Dental Excellence";13
"E-max koronák";"Dental Excellence";14
"Egyéni kedvezmény - amennyiben vállalja, hogy videófelvételt készíthetünk marketing célokra";"Dental Excellence";15
"Felépítő fej Nobel implantátumhoz";"Dental Excellence";16
"Fém kerámia korona ( Dental Excellence )";"Dental Excellence";17
"Fém lemezes fogsor";"Dental Excellence";18
"Fémmentes cirkon hidak és koronák";"Dental Excellence";19
"Fogkőleszedés és Prophy Jet polírozás -Gyermek ( Dental Excellence )";"Dental Excellence";20
"Fogkőleszedés és Prophy Jet polírozás felnőtt ( Dental Excellence )";"Dental Excellence";21
"Fogpróba";"Dental Excellence";22
"Fogszorítás terápia ( Az ár tartalmazza a scannelést , harapás rögzítést , ízületi bemérést és NTI-t . Garancia egy hónapon belül 100.000 Ft visszafizetés, amennyiben nem válik be a készülék. )";"Dental Excellence";23
"Frontfog tömés 3 felszín";"Dental Excellence";24
"Frontfog tömés egy vagy két felszínű";"Dental Excellence";25
"Gyökércsatorna átöblítés és gyógyszeres zárás - Dental Excellence";"Dental Excellence";26
"Gyökérkezelés gyökértöméssel front fogon -Dental Excellent ( Kezelés megkezdése 60.000 Ft, gyökértömés 60.000 FT )";"Dental Excellence";27
"Gyökérkezelés gyökértöméssel kisörlő fogon - Dental Excellence. ( Kezelés megkezdése 80.000Ft gyökértömés 80.000Ft ) Ft";"Dental Excellence";28
"Gyökérkezelés gyökértöméssel nagyőrlő fogon -Dental Excellence ( Kezelés megkezdése 90.000Ft , gyökértömés 90.000 Ft )";"Dental Excellence";29
"Horkolás terápia ( Az ár tartalmazza a scannelést, harapás rögzítést és esetleg ízületi bemérést. Garancia: egy hónapon belül 100.000 Ft-ot fizetünk vissza , ha nem válik be a készülék)";"Dental Excellence";30
"Hosszútávú ideiglenes híd Ivotion erősített implantátumra csavarozott rögzítéssel egy teljes állcsonton";"Dental Excellence";31
"Hosszútávú ideiglenes szóló korona - labor által készített";"Dental Excellence";32
"Ideiglenes felépítőfej NOBEL";"Dental Excellence";33
"Ideiglenes tömés üvgionomer tömőanyaggal";"Dental Excellence";34
"Implantátumra hosszútávú CAD-CAM ideiglenes korona Nobel felépítménnyel és titán bázissal";"Dental Excellence";35
"Kezelési terv elkészítése (dr. Volom András)";"Dental Excellence";36
"Kiegészítő sín 1 fogívre";"Dental Excellence";37
"Kisőrlő tömés 2 vagy több felszín";"Dental Excellence";38
"Kisőrlő tömés egy felszín";"Dental Excellence";39
"Kiterjesztett barázdazárás";"Dental Excellence";40
"Kontroll -Orvosnál ( 30 perc )";"Dental Excellence";41
"Kontroll ( 15 perc )";"Dental Excellence";42
"Konzultáció 30 perc";"Dental Excellence";43
"Konzultáció dr. Volom Andrásnál";"Dental Excellence";44
"Konzultáció- Orvosnál ( 30 perc )";"Dental Excellence";45
"Lokátoros kivehető fogsor két implantátumon";"Dental Excellence";46
"Nagyörlő tömés egy felszín";"Dental Excellence";47
"Nagyőrlő tömés két vagy több felszín";"Dental Excellence";48
"Preparálás";"Dental Excellence";49
"Prophy Jet polírozás ( Dental Excellence )";"Dental Excellence";50
"Régi gyökértömés eltávolítása frontfog esetén - Dental Excellence";"Dental Excellence";51
"Régi gyökértömés eltávolítása kisörlő esetén / csatorna - Dental Excellence";"Dental Excellence";52
"Régi gyökértömés eltávolítása nagyörlő esetén / csatorna - Dental Excellence";"Dental Excellence";53
"Renamel direkt héjak belső színezéssel, Dental excellence";"Dental Excellence";54
"Scannelés - 1 fogív";"Dental Excellence";55
"Scannelés + 3 D nyomtatott minta alsó felső";"Dental Excellence";56
"Stéges kivehető fogpótlás 4 implantátumon";"Dental Excellence";57
"Stéges kivehető fogpótlás 6 implantátumon";"Dental Excellence";58
"Szájhigiénés felmérés , tanácsadás, fogkőleszedés és Prophy Jet polírozás- Gyermek ( Dental Excellence )";"Dental Excellence";59
"Szájhigiénés felmérés és tanácsadás, fogmosás oktatás ( Dental Excellence 30 perc )";"Dental Excellence";60
"Szájhigiénés felmérés, tanácsadás, fogkőleszedés és Prophy Jet polírozás -felnőtt és rögzített fogszabályozós gyermek ( Dental Excellence )";"Dental Excellence";61
"Transmularis ribbondsínezés foganként";"Dental Excellence";62
"Variokugel elhorgonyzás";"Dental Excellence";63
"Vázpróba";"Dental Excellence";64
"Depurálás - Professzionális fogkőeltávolítás és Prophy Jet polírozás -felnőtt és rögzített fogszabályozós gyermek";"Dentálhigiénia";65
"Depurálás-Professzionális fogkőeltávolítás és Propy Jet polírozás-Gyermek";"Dentálhigiénia";66
"Fogselyem gyári villa";"Dentálhigiénia";67
"Íny alatti fogkőeltávolítás érzéstelenítéssel / kvadránsonként";"Dentálhigiénia";68
"Oral b egycsomós Genius";"Dentálhigiénia";69
"Parodontális zárt kürett, negyedenként";"Dentálhigiénia";70
"Polírozás fogászati Prohy Jet homokfúvó készülékkel";"Dentálhigiénia";71
"Polírozás fogászati Prophy Jet homokfúvó készülékkel -gyermek";"Dentálhigiénia";72
"Root planning (gyökérfelszínsimítás, negyedenként:pl. bal felső fogak összessége)";"Dentálhigiénia";73
"Sonicflex tasakkezelés teljes fogazatra";"Dentálhigiénia";74
"Szájhigiénés felmérés és tanácsadás , fogmosás oktatás ( 30 perc )";"Dentálhigiénia";75
"Szájhigiénés felmérés, tanácsadás, fogkőleszedés és Prophy Jet polírozás -Gyermek";"Dentálhigiénia";76
"Szájhigiénés felmérés, tanácsadás, fogkőleszedés és Prophy Jet polírozás-felnőtt vagy rögzített fogszabályozós gyermek";"Dentálhigiénia";77
"szájzuhany pótfej orr átöblítéshez";"Dentálhigiénia";78
"Waterpik ION vezeték nélküli szájzuhany";"Dentálhigiénia";79
"Anyagköltség";"Egyéb";80
"Egyéb";"Egyéb";81
"Írásos összefoglaló rágóizom relaxációhoz";"Egyéb";82
"Késői lemondási díj";"Egyéb";83
"Készenléti díj/fél óránként";"Egyéb";84
"Legközelebbi időpont";"Egyéb";85
"NOGAG hányinger elleni por 5db";"Egyéb";86
"Nyílhegy regisztrálás";"Egyéb";87
"Pénzvisszafizetés";"Egyéb";88
"Rágóizomrelaxáció ergonómiai szaktanácsadás";"Egyéb";89
"Szállítási díj, csomagfeladás díja";"Egyéb";90
"Lenyomati díj";"előrefizetve";91
"Fehérítő zselé (1 doboz = 4 fecskendő)";"Fogékszer, fogfehérítés";92
"Fehérítősín készítése 2 fogívre alginát lenyomatra vagy scannelés";"Fogékszer, fogfehérítés";93
"Fogékszer/db";"Fogékszer, fogfehérítés";94
"Fogfehérítés, sínes, két hetes, otthoni, alsó, felső fogíven. ( Tartalmazza a lenyomat vagy scannelés ,a sín és fehérítő anyag árát )";"Fogékszer, fogfehérítés";95
"Rendelői fogfehérítés";"Fogékszer, fogfehérítés";96
"A precíziós elhorgonyzású fogművekhez tartozó rögzített koronák ára tagonként (fém kerámia korona)";"Fogpótlások";97
"Átmenőcsavaros cirkon korona implantátumokba/db";"Fogpótlások";98
"Átmenőcsavaros ideiglenes korona Nobel ideiglenes felépítményre";"Fogpótlások";99
"Betét -inlay, onlay";"Fogpótlások";100
"BPS – biofunkcionális protézis (egy állcsont esetén)";"Fogpótlások";101
"BPS – biofunkcionális protézis individualizált alaplemezzel (állcsontonként, alsó-felső készítése esetén))";"Fogpótlások";102
"Cirkon korona , Empress, E-max fémmentes korona, hídtag /db";"Fogpótlások";103
"E-max porcelán héj";"Fogpótlások";104
"Felépítő fej Alpha Bio implantátumhoz/db, implantátumonként";"Fogpótlások";105
"Felépítő fej Dentium implantátumhoz / db";"Fogpótlások";106
"Fém kerámia korona";"Fogpótlások";107
"Fémlemez, öntött állcsontonként";"Fogpótlások";108
"Fogmű átadás";"Fogpótlások";109
"Fogsor javítás BPS";"Fogpótlások";110
"Gradia GC , vagy SRNexco korona";"Fogpótlások";111
"Hosszútávú ideiglenes korona átmenőcsavaros implantátumra - labor által készített";"Fogpótlások";112
"Hosszútávú ideiglenes korona foganként - labor által készített";"Fogpótlások";113
"Ideiglenes fogsor 3D amíg a gyógyulási fázis tart / állcsontonként";"Fogpótlások";114
"Ideiglenes fogsor akrilát Ivoclar fogakkal amíg a gyógyulási fázis tart / állcsontonként Ducza";"Fogpótlások";115
"Ideiglenes híd készítés A1, vagy A3-as fóliából, állcsontonként";"Fogpótlások";116
"Ideiglenes korona foganként, rendelő által készített";"Fogpótlások";117
"Ideiglenes visszaragasztás";"Fogpótlások";118
"Inlay elhorgonyzású cirkon híd egy fog pótlása esetén";"Fogpótlások";119
"Kivehető akrilát fogsor egy állcsonton";"Fogpótlások";120
"Korona levétel átvágott koronánként";"Fogpótlások";121
"Korona visszaragasztás végleges";"Fogpótlások";122
"Lenyomat és vákumformázott sín ideiglenes fogműhöz";"Fogpótlások";123
"Lenyomati díj egyéni kanállal, állcsontonként";"Fogpótlások";124
"Lenyomati díj precíziós szilikon lenyomattal állcsontonként";"Fogpótlások";125
"Maryland híd";"Fogpótlások";126
"Merevítőrostos direkt hidak, foganként, v. tartóelemként. Fogorvos készíti. Egy fog hiánya esetén 3×45 000.- Ft (Két tartófog+hiány)";"Fogpótlások";127
"Mozgó fogak ideiglenes sínezéses merevítése , foganként";"Fogpótlások";128
"Nyerspróba";"Fogpótlások";129
"Porcelán borítású fémkorona";"Fogpótlások";130
"Precíziós elhorgonyzású fogmű fém alaplemeze( a hozzá tartozó híd ára nélkül, a precíziós elem nélkül )";"Fogpótlások";131
"Precíziós lenyomat alapján injektálásos technikával készülő kivehető műanyag ideiglenes fogpótlás 3 fog felett";"Fogpótlások";132
"Precíziós lenyomat alapján injektálásos technikával készülő kivehető műanyag ideiglenes fogpótlás 3 fogig";"Fogpótlások";133
"Precíziós rögzítőelem";"Fogpótlások";134
"Protetikai munka beragasztása, átadása";"Fogpótlások";135
"Részleges kivehető fogpótlás";"Fogpótlások";136
"RSVP ideiglenes héj";"Fogpótlások";137
"Sapka ideiglenes célból";"Fogpótlások";138
"Sapkapróba";"Fogpótlások";139
"Tanulmányi lenyomat, állcsontonként alginát lenyomatanyagból";"Fogpótlások";140
"Teleszkóp korona(CAD/CAM primer+secunder) foganként";"Fogpótlások";141
"Valplast 1 fogas szomszédos fogak megléte esetén";"Fogpótlások";142
"Valplast 3-4 fogas részleges";"Fogpótlások";143
"Valplast fogsor";"Fogpótlások";144
"Valplast javítása foganként";"Fogpótlások";145
"Valplast részleges 1-2 fogas front";"Fogpótlások";146
"Veneer-lay";"Fogpótlások";147
"3D digitális terv és konzultáció (anyagok eljuttatása az invisalignhoz, tervkészítés)";"Fogszabályozás";148
"Brackett visszaragasztás az elveszett fém brackett pótlásával";"Fogszabályozás";149
"Brackett visszaragasztása/db";"Fogszabályozás";150
"Brackett visszaragsztás az elveszett porcelán brackett pótlásával";"Fogszabályozás";151
"BWS 1 fogívre";"Fogszabályozás";152
"D-Gainer";"Fogszabályozás";153
"Delaire maszk";"Fogszabályozás";154
"Ferdesík";"Fogszabályozás";155
"ferdesík levágása";"Fogszabályozás";156
"Fix retainer";"Fogszabályozás";157
"Fix retainer cseréje";"Fogszabályozás";158
"Fix retainer javítása";"Fogszabályozás";159
"Fogszabályozási célból készített fotó dokumentáció és digitális lenyomatok készítése";"Fogszabályozás";160
"Fogszabályozó páciens vizsgálat";"Fogszabályozás";161
"Gumicsere ívenként (nem önligírozó készüléknél)";"Fogszabályozás";162
"Hyrax";"Fogszabályozás";163
"Ív és gumicsere 2 fogív";"Fogszabályozás";164
"Ív és gumicsere egy fogív";"Fogszabályozás";165
"Ívcsere ívenként";"Fogszabályozás";166
"Ívcsere ívenként esztétikus rögzített fogszabályzónál";"Fogszabályozás";167
"Ívpótlás -fém";"Fogszabályozás";168
"Ívpótlás -lingual";"Fogszabályozás";169
"Ívpótlás kerámia";"Fogszabályozás";170
"Készülék eltávolítás";"Fogszabályozás";171
"Kiegészítő készülék kiegészítő kezelés";"Fogszabályozás";172
"Kivehető fogszabályozó készülék típustól függően egy fogívre";"Fogszabályozás";173
"Kivehető fogszabályozó készülék, bimaxilláris";"Fogszabályozás";174
"Kivehető készülék kontroll - 1 készülék";"Fogszabályozás";175
"Kivehető készülék kontroll - 2 készülék";"Fogszabályozás";176
"Kivehető retainer egy fogívre";"Fogszabályozás";177
"Kontroll Invisaligne";"Fogszabályozás";178
"Kontroll készülék nélkül";"Fogszabályozás";179
"Kontroll kivehető készülékkel";"Fogszabályozás";180
"Kontroll rögzített készülékkel";"Fogszabályozás";181
"Kontroll-attachmentek ragasztása";"Fogszabályozás";182
"Lingual ív/TP ív/Goshgarian";"Fogszabályozás";183
"Mikroimplantátum fogszabályozási céllal";"Fogszabályozás";184
"Mikroimplantátumon elhorgonyzott fogszabályozó készülék-egyedi ár kezeléstől függően";"Fogszabályozás";185
"Myofunkcionális készülék";"Fogszabályozás";186
"Myolay harapásemelő";"Fogszabályozás";187
"Páciens viasz";"Fogszabályozás";188
"Quadhelix MB gyűrűkkel";"Fogszabályozás";189
"Quadhelix sima gyűrűkkel";"Fogszabályozás";190
"Rögzített fém fogszabályozó készülék egy fogívre (nem önligírozó)";"Fogszabályozás";191
"Rögzített fém fogszabályozó készülék egy fogívre (önligírozó)";"Fogszabályozás";192
"Rögzített fogszabályozó készülék egy fogívre esztétikus ( porcelán vagy zafír) brackettekkel (nem önligírozó)";"Fogszabályozás";193
"Rögzített fogszabályozó készülék egy fogívre esztétikus ( porcelán vagy zafír) brackettekkel (önligírozó)";"Fogszabályozás";194
"Rögzített készülék eltávolítása egy fogíven";"Fogszabályozás";195
"rögzített készülék levétel és retenciós készülék átadás / 1 fogívre";"Fogszabályozás";196
"sín átadás";"Fogszabályozás";197
"Smilezor fix ratainer";"Fogszabályozás";198
"Smilezor retenciós készülék";"Fogszabályozás";199
"Smilezor sínes fogszabályozás - tervezési díj";"Fogszabályozás";200
"Smilezor sínes fogszabályozás attachment levétel / fog";"Fogszabályozás";201
"Smilezor sínes fogszabályozás Attachment ragasztás / fog";"Fogszabályozás";202
"Smilezor sínes fogszabályozás Complex (48 sínes)";"Fogszabályozás";203
"Smilezor sínes fogszabályozás kontroll";"Fogszabályozás";204
"Smilezor sínes fogszabályozás PRO (68 sínes)";"Fogszabályozás";205
"Smilezor sínes fogszabályozás Quick (12 sínes)";"Fogszabályozás";206
"Smilezor sínes fogszabályozás Simple (22 sínes)";"Fogszabályozás";207
"Smilezor sínes fogszabályozás UNLIMITED (komplex esetekhez, korlátlan sín)";"Fogszabályozás";208
"Tejfoghúzás érzéstelenítő injekció nélkül";"Fogszabályozás";209
"Tejfoghúzás érzéstelenítővel";"Fogszabályozás";210
"Vivera retainer egy fogív";"Fogszabályozás";211
"Vivera retainer két fogív";"Fogszabályozás";212
"Barázdazárás (felszíni) kinetikus preparációs (EtchMaster aluminium kerámiaporos tisztítóval) mélytisztítással";"Gyerekfogászat";213
"Tejfog ideiglenes gyógyszeres tömése";"Gyerekfogászat";214
"tejfog trepanálás";"Gyerekfogászat";215
"Tejfoghúzás foganként";"Gyerekfogászat";216
"Tejfogtömés foganként";"Gyerekfogászat";217
"Egyéni harapásemelő készítése, egy hónap követéssel- lenyomatvételkor 50 % előleg fizetendő- (ha nem felel meg a készülék, 50 %-ot fizetünk vissza egy hónapon belül)";"Harapásemelők, horkolásgátlók, fogvédők";218
"Harapásemelők esetében egy hónapig díjtalan korrekció, azt követően alkalmanként";"Harapásemelők, horkolásgátlók, fogvédők";219
"Lions horkolásgátló készülék, lenyomatvételkor 50 % előleg fizetendő (ha nem felel meg a készülék, 100.000-ot fizetünk vissza egy hónapon belül) A kezelés ára tartalmazza a terápiás készülék elkészítéséhez szükséges scannelést, dokumentációt, harapás rögz";"Harapásemelők, horkolásgátlók, fogvédők";220
"Lions készülék (a készülék ára 150.000.-Ft, 1 hónap után, ha a készülék nem válik be, 75.000.-Ft-ot fizetünk vissza a készülék árából.)";"Harapásemelők, horkolásgátlók, fogvédők";221
"Myosa S 2 (TMJ MBV horkolásgátló 2. fázis)";"Harapásemelők, horkolásgátlók, fogvédők";222
"NTI -tss éjszakai harapásemelő egy hónap követéssel, részleges pénzvisszafizetési garanciával (ha nem felel meg a készülék, 50%-ot fizetünk vissza egy hónapon belül)";"Harapásemelők, horkolásgátlók, fogvédők";223
"NTI kontroll";"Harapásemelők, horkolásgátlók, fogvédők";224
"NTI vagy silensor készülék visszafizetése";"Harapásemelők, horkolásgátlók, fogvédők";225
"Play Safe heavy-pro sportolói fogvédő";"Harapásemelők, horkolásgátlók, fogvédők";226
"Playsafe sportolói fogvédő készítése (30.000.- Ft előre fizetendő)";"Harapásemelők, horkolásgátlók, fogvédők";227
"Silensor horkolásgátló - egy hónap követéssel, részleges pénzvisszafizetési garanciával (ha nem felel meg a készülék, 50 %-ot fizetünk vissza egy hónapon belül)";"Harapásemelők, horkolásgátlók, fogvédők";228
"Stabilizációs harapásemelő sín - az ár tartalmazza a sín újra készítését 2 alkalommal";"Harapásemelők, horkolásgátlók, fogvédők";229
"Stabilizációs sín";"Harapásemelők, horkolásgátlók, fogvédők";230
"Stabilizációs sín újra adaptálása";"Harapásemelők, horkolásgátlók, fogvédők";231
"TMJ BDS";"Harapásemelők, horkolásgátlók, fogvédők";232
"TMJ harapásemelő készülék";"Harapásemelők, horkolásgátlók, fogvédők";233
"TMJ-MBV horkolásgátló- egy hónap követéssel";"Harapásemelők, horkolásgátlók, fogvédők";234
"AlphaBio implantátum";"Implantáció";235
"Arcüreg emelés (sinuslift) a beültetéshez elegendő csontvastagság elérésére - nyílt technika";"Implantáció";236
"Arcüreg emelés (sinuslift), a beültetéshez elegendő csontvastagság elérésére - zárt technika";"Implantáció";237
"Átmenőcsavar implantátumba";"Implantáció";238
"Bio-oss csontpótló anyag /gramm (Geistlich, Svájc) – szakmai aranystandard: 25 éves tapasztalat, a legtöbbet használt ilyen termék)";"Implantáció";239
"BioGide membrán, mérettől függően 25x25cm";"Implantáció";240
"BioGide membrán, mérettől függően 30x40cm";"Implantáció";241
"Creos csontpótló Xenogain 0.50 g";"Implantáció";242
"Creos csontpótló Xenogain 1,00 g";"Implantáció";243
"Creos csontpótló Xenogain 2,00 g";"Implantáció";244
"Creos membrán Xenoprotect 15×20";"Implantáció";245
"Creos membrán Xenoprotect 30×40";"Implantáció";246
"Csontgyűjtő eszköz, Safescraper használata, (kíméletes sajátcsont gyűjtéséhez, anyagköltség!)";"Implantáció";247
"Csontpótlás állcsontgerinc szélesítés céljából";"Implantáció";248
"Csontpótlás: egy fog húzási helyének feltöltésére front és premoláris fog esetén";"Implantáció";249
"Csontpótlás: egy fog húzási helyének feltöltésére moláris fog esetén";"Implantáció";250
"Cytoplast (Osteogenics, USA) piacvezető nen felszívódó membrán) titán merevítésű nem felszívódó biomembrán nagy csontpótlások védelmére a gyógyulás idején, mérettől függően";"Implantáció";251
"Dentium SuperLine Implantátum";"Implantáció";252
"Egyéni gyógyulási csavar ideiglenes";"Implantáció";253
"Felépítő fej (Nobel-Biocare)";"Implantáció";254
"Felépítőfej implantátumra";"Implantáció";255
"Fogbeültetés foganként NobelActive TiUltra (Nobel-Biocare)";"Implantáció";256
"Fogbeültetés foganként NobelParallel CC TiUltra (Nobel-Biocare)";"Implantáció";257
"Fogbeültetés foganként NobelReplace CC TiUltra (Nobel-Biocare)";"Implantáció";258
"Fogbeültetés foganként Replace Tapered Select (Nobel-Biocare)";"Implantáció";259
"Ideiglenes implantátum (Bionika)";"Implantáció";260
"Implantátum betört csavar eltávolítása";"Implantáció";261
"Ínyformázó csavar";"Implantáció";262
"Mucograft ínypótló anyag egy fog húzási helyének fedésére (Geistlich, Svájc)";"Implantáció";263
"Multiunit NOBEL adapter az implantátum és a híd között";"Implantáció";264
"Nobel Pearl cirkónium implantátum";"Implantáció";265
"Nobel Pearl connector karbonszálas átmenőcsavarral";"Implantáció";266
"On1 Base CC Xeal";"Implantáció";267
"prostetic screw";"Implantáció";268
"Smart Guide digitális előfúró sablon";"Implantáció";269
"Straumann implantátum";"Implantáció";270
"Titán csavarok /db -a csontpótlást védő biomembrán rögzítésére (általában 4 db szükséges egy membrán rögzítéséhez)";"Implantáció";271
"Családtag kedvezmény 20%";"Kedvezmények";272
"Dolgozói kedvezmény 20%";"Kedvezmények";273
"Eseti kedvezmény 10%";"Kedvezmények";274
"Eseti kedvezmény 100%";"Kedvezmények";275
"Eseti kedvezmény 20%";"Kedvezmények";276
"Eseti kedvezmény 25%";"Kedvezmények";277
"Eseti kedvezmény 5%";"Kedvezmények";278
"Eseti kedvezmény 50%";"Kedvezmények";279
"korábbi túlfizetés korrekciója";"Kedvezmények";280
"Testvérkedvezmény 50%";"Kedvezmények";281
"Alábélelés Ledermix-szel/fog";"Konzerváló fogászat";282
"Alábélelés MTA-val";"Konzerváló fogászat";283
"Dentapreg ParaPost™ üvegrost mini csap/db";"Konzerváló fogászat";284
"Diagnosztikus direkt héj készítése fogorvos által, szájban, tanulmányi célból (Mock Up) foganként";"Konzerváló fogászat";285
"Direkt felépítés injektálásos technikával";"Konzerváló fogászat";286
"Direkt héj, foganként";"Konzerváló fogászat";287
"Direkt korona foganként";"Konzerváló fogászat";288
"Élpótlás";"Konzerváló fogászat";289
"EverX Posterior";"Konzerváló fogászat";290
"Felépítés Cosmedent Cosmecore™ felépítőanyaggal";"Konzerváló fogászat";291
"Felépítés Everx rövid-üvegszállal megerősített kompozit anyaggal";"Konzerváló fogászat";292
"Fluorid lakkozás";"Konzerváló fogászat";293
"Fognyaki tömések foganként";"Konzerváló fogászat";294
"Fogorvos által végzett professzionális fogkőeltávolítás és vizsgálat";"Konzerváló fogászat";295
"Frontfog 1 vagy 2 felszínű tömés";"Konzerváló fogászat";296
"Frontfog 3 felszínű tömés";"Konzerváló fogászat";297
"Gipszmodell becsiszolása";"Konzerváló fogászat";298
"Gyökércsatorna átöblítés és gyógyszeres zárás alkalmanként";"Konzerváló fogászat";299
"Gyökérkezelés gyökértöméssel front fogon( első kezelés 40.000, gyökértömés 40.000 )";"Konzerváló fogászat";300
"Gyökérkezelés gyökértöméssel kisőrlő fogon ( kezelés első alkalom 50.000, gyökértömés 50.000 )";"Konzerváló fogászat";301
"Gyökérkezelés gyökértöméssel nagyőrlő fogon 4 csatorna esetén";"Konzerváló fogászat";302
"Icon kezelés 4 fogig, foganként";"Konzerváló fogászat";303
"Icon kezelés 5-6 fogig, foganként";"Konzerváló fogászat";304
"Icon kezelés 7 fog felett, foganként";"Konzerváló fogászat";305
"Ideiglenes tömés üvegionomer tömőanyaggal";"Konzerváló fogászat";306
"Infiltrációs kezelés";"Konzerváló fogászat";307
"Intracanalis Dentapreg PinPost™ üvegrost csap a felépítő tömés jobb rögzítésére";"Konzerváló fogászat";308
"Kihúzott fogak pótlása Renamel tömőanyagból megmintázva sínezés során ( a sínezés árán felül)";"Konzerváló fogászat";309
"Kisőrlő tömés (1 felszínű tömés)";"Konzerváló fogászat";310
"Kisőrlő tömés (2 vagy több felszínű tömés)";"Konzerváló fogászat";311
"Kofferdam";"Konzerváló fogászat";312
"Korrekció";"Konzerváló fogászat";313
"Mikroszkópos betört műszer eltávolítás";"Konzerváló fogászat";314
"Mikroszkópos csap eltávolítás";"Konzerváló fogászat";315
"Mikroszkópos diagnosztika ( repedés, álút, csatorna keresés )";"Konzerváló fogászat";316
"Mikroszkópos extra kezelés bonyolult csatorna esetén";"Konzerváló fogászat";317
"Mikroszkópos gyökérkezelés 1 csatorna 2. kezelés";"Konzerváló fogászat";318
"Mikroszkópos gyökérkezelés 1 csatorna első kezelés";"Konzerváló fogászat";319
"Mikroszkópos gyökérkezelés 2 csatorna 2. kezelés";"Konzerváló fogászat";320
"Mikroszkópos gyökérkezelés 2 csatorna első kezelés";"Konzerváló fogászat";321
"Mikroszkópos gyökérkezelés 3 csatorna 2. kezelés";"Konzerváló fogászat";322
"Mikroszkópos gyökérkezelés 3 csatorna első kezelés";"Konzerváló fogászat";323
"Mikroszkópos gyökérkezelés 4 csatorna 2. kezelés";"Konzerváló fogászat";324
"Mikroszkópos gyökérkezelés 4 csatorna első kezelés";"Konzerváló fogászat";325
"Mikroszkópos gyökértömés eltávolítás gyógyszeres ideiglenes lezárással front- és kisőrlő fog esetén csatornánként";"Konzerváló fogászat";326
"Mikroszkópos gyökértömés eltávolítás gyógyszeres ideiglenes lezárással nagyörlő fog esetén csatornánként";"Konzerváló fogászat";327
"Mikroszkópos kiegészítő kezelés preparáláshoz foganként";"Konzerváló fogászat";328
"Mozgó fogak sínezése merevítőrosttal foganként";"Konzerváló fogászat";329
"Nagyőrlő direkt restauráció (2 vagy több felszínű tömés)";"Konzerváló fogászat";330
"Nagyőrlő tömés (1 felszínű tömés)";"Konzerváló fogászat";331
"Parapulparis Dentapreg PinPost™ üvegrost csap a felépítő tömés jobb rögzítésére";"Konzerváló fogászat";332
"Régi csap eltávolítása/csap";"Konzerváló fogászat";333
"Régi gyökértömés eltávolítása front és kisőrlő fogaknál csatornánként";"Konzerváló fogászat";334
"Régi gyökértömés eltávolítása nagyőrlő fog esetén csatornánként";"Konzerváló fogászat";335
"Renamel direkt héjak belső színezéssel";"Konzerváló fogászat";336
"Ribbond chip";"Konzerváló fogászat";337
"Saját kihúzott fog gyökérkezelése és visszaragasztása sínezés során";"Konzerváló fogászat";338
"Vitálterápia frontfog esetén";"Konzerváló fogászat";339
"Vitálterápia kisőrlő fog esetén";"Konzerváló fogászat";340
"Vitálterápia nagyőrlőfog esetén";"Konzerváló fogászat";341
"Kedvezményes logopédiai terápiás csomag 10. alkalom";"Logopédia";342
"Kedvezményes logopédiai terápiás csomag 11 alkalom";"Logopédia";343
"Kedvezményes logopédiai terápiás csomag 11. alkalom";"Logopédia";344
"Kedvezményes logopédiai terápiás csomag 2. alkalom";"Logopédia";345
"Kedvezményes logopédiai terápiás csomag 3. alkalom";"Logopédia";346
"Kedvezményes logopédiai terápiás csomag 4. alkalom";"Logopédia";347
"Kedvezményes logopédiai terápiás csomag 5. alkalom";"Logopédia";348
"Kedvezményes logopédiai terápiás csomag 6. alkalom";"Logopédia";349
"Kedvezményes logopédiai terápiás csomag 7. alkalom";"Logopédia";350
"Kedvezményes logopédiai terápiás csomag 8. alkalom";"Logopédia";351
"Kedvezményes logopédiai terápiás csomag 9. alkalom";"Logopédia";352
"Logopédia vizsgálat , első felmérés";"Logopédia";353
"Logopédiai kontroll";"Logopédia";354
"Logopédiai terápia";"Logopédia";355
"Logopédiai terápia testvérek 2 fő részére";"Logopédia";356
"Infant tréner -fogszabályozó előkezelés már 3 éves kortól";"Myofunkcionális tanácsadás";357
"Kontroll (személyes)";"Myofunkcionális tanácsadás";358
"Kontroll személyes, testvér kedvezmény három gyermek esetén gyermekenként";"Myofunkcionális tanácsadás";359
"Kontroll személyes, testvér kedvezmény két gyermek esetén gyermekenként";"Myofunkcionális tanácsadás";360
"Lipp tréner";"Myofunkcionális tanácsadás";361
"MINDEN (!) Myobrace-fogszabályozó készülék (B,I, J,K, MBA, T jelűek, Powergard sorozat)";"Myofunkcionális tanácsadás";362
"Myochew";"Myofunkcionális tanácsadás";363
"Myoclean tisztítótabletta, 12 db-os";"Myofunkcionális tanácsadás";364
"Myoclean tisztítótabletta, 24 db-os";"Myofunkcionális tanácsadás";365
"Myofunctionalis szaktanácsadás az izomfunkciók felmérésével";"Myofunkcionális tanácsadás";366
"Myofunkcionális konzultáció és felmérés_ Léhner Borostyán";"Myofunkcionális tanácsadás";367
"Myotalea TLJ készülék";"Myofunkcionális tanácsadás";368
"Powerguard sorozat";"Myofunkcionális tanácsadás";369
"Skype/Zoom kontroll";"Myofunkcionális tanácsadás";370
"Skype/Zoom kontroll gyermekenként testvér kedvezmény";"Myofunkcionális tanácsadás";371
"Emdogain anyagköltség";"Parodontológia";372
"Funkcionális koronahosszabbító műtét foganként";"Parodontológia";373
"Kontroll zárt kürett után két hónappal, tasakmérés";"Parodontológia";374
"Lyostypt anyagár";"Parodontológia";375
"Mucoderm anyag ár";"Parodontológia";376
"Mucogingivális sebészet";"Parodontológia";377
"Nyitott kürett 2 fogra Emdogain anyagköltség nélkül";"Parodontológia";378
"Nyitott kürett 3 fogra Emdogain anyagköltség nélkül";"Parodontológia";379
"Nyitott kürett 4 fogra Emdogain anyagköltség nélkül";"Parodontológia";380
"Nyitott kürett egy fogra Emdogain anyagköltség nélkül";"Parodontológia";381
"Parodontológia kontroll";"Parodontológia";382
"Parodontológia műtét utáni kontroll";"Parodontológia";383
"Parodontológia szakvizsgálat";"Parodontológia";384
"Parodontológia szakvizsgálat tasakméréssel";"Parodontológia";385
"Recesszió fedés I.";"Parodontológia";386
"Recesszió fedés II.";"Parodontológia";387
"Zárt kürett egy állcsont";"Parodontológia";388
"Zárt kürett egy quadráns";"Parodontológia";389
"Zárt kürett foganként";"Parodontológia";390
"Zárt kürett két állcsont teljes száj";"Parodontológia";391
"3 dimenziós titánháló";"Szájsebészet";392
"Arcüreg (sinus) zárás";"Szájsebészet";393
"Cerabone csontpótló anyag/ 2 gramm (Botiss)";"Szájsebészet";394
"Cerabone csontpótló anyag/ fél gramm (Botiss)";"Szájsebészet";395
"Cerabone csontpótló anyag/gramm (Botiss)";"Szájsebészet";396
"Creos membrán Xenoprotect 25×30";"Szájsebészet";397
"Creoss csontpótló Xenogain 0.25g";"Szájsebészet";398
"Csíkcsere";"Szájsebészet";399
"Dissectio (gyökér eltávolítás)";"Szájsebészet";400
"Extractio, fogeltávolítás varrattal/db";"Szájsebészet";401
"Extractio, fogeltávolítás/db";"Szájsebészet";402
"Extractio(fogeltávolítás) műtéti feltárásból";"Szájsebészet";403
"Extractio(fogeltávolítás) műtéti feltárásból, bölcsességfog";"Szájsebészet";404
"Felső ajakfék kimetszés";"Szájsebészet";405
"Feltárás foganként";"Szájsebészet";406
"Feszes íny képzése implantátum felszabadítással egy ülésben";"Szájsebészet";407
"Fogágytasakok tisztítása fogsebészeti feltárással / negyedenként";"Szájsebészet";408
"Gingiva-plasztika";"Szájsebészet";409
"Gyógyulási sapka multiunit fejre Nobel";"Szájsebészet";410
"Gyökércsúcs eltávolítás (resectio)-frontfog";"Szájsebészet";411
"Gyökércsúcs eltávolítás (resectio)-őrlőfog";"Szájsebészet";412
"Hybenx folyadék alkalmazása implantátumoknál";"Szájsebészet";413
"Implantátum felszabadítás";"Szájsebészet";414
"Implantátum felszínének kürettálása";"Szájsebészet";415
"Implantátum műtéti eltávolítása";"Szájsebészet";416
"Intraoperatív gyökértömés";"Szájsebészet";417
"Ínykorrekció foganként - kis korrekció esetén";"Szájsebészet";418
"Ínykorrekció foganként - nagyobb korrekció esetén";"Szájsebészet";419
"Korona hosszabbító műtét egy fog esetén";"Szájsebészet";420
"Korona hosszabbító műtét kvadránsonként";"Szájsebészet";421
"Lágyrész kimetszés mintavétellel, szövettani vizsgálattal";"Szájsebészet";422
"Micross csontkaparó";"Szájsebészet";423
"Mucoderm lágyszövet pótló anyag 15x20";"Szájsebészet";424
"Mucoderm lágyszövet pótló anyag 20x30";"Szájsebészet";425
"Mucoderm lágyszövet pótló anyag 30x40";"Szájsebészet";426
"Mucoderm Punch";"Szájsebészet";427
"Műtéti előkészítés Hygitech egyszerhasználatos steril takarókkal, műszervédőkkel (a továbbiakban felsorolt kezelésekhez hozzáadandó)";"Szájsebészet";428
"Nyálkahártya elváltozás sebészi eltávolítása";"Szájsebészet";429
"Nyelvfékfelvágás- alsó ajakfék plasztika";"Szájsebészet";430
"Pericoronitis kezelés";"Szájsebészet";431
"Resectio reoperáció";"Szájsebészet";432
"Retrográd (a gyökércsúcs felől elvégzett) gyökértömés csatornánként";"Szájsebészet";433
"Smartscraper";"Szájsebészet";434
"Socket shield technika";"Szájsebészet";435
"Szájpadlás kötőszövet augmentáció implantációval egy időben";"Szájsebészet";436
"Szájpadlás kötőszöveti augmentáció";"Szájsebészet";437
"Szövettani vizsgálat";"Szájsebészet";438
"Varratszedés";"Szájsebészet";439
"Átlátszó szilikonból készült lenyomat (Kristall) fogívenként";"Teljes szájrendbetétel";440
"Fogsorérintkezés becsiszolása első alkalom";"Teljes szájrendbetétel";441
"Fogsorérintkezés becsiszolása folytatása egy hónapon belül";"Teljes szájrendbetétel";442
"Harapásvétel (alkalmanként) digitálisan vagy lenyomatanyaggal";"Teljes szájrendbetétel";443
"NTI-tss mini harapásemelő ideiglenes adaptálása a rágóizom relaxációhoz (az eszköz csak a rendelőben kerül használatra) A tartós otthoni használatra is alkalmas adaptálású NTI-tss 150.000.- Ft áron kerül felszámításra)";"Teljes szájrendbetétel";444
"Vizualizáció (a tervezett fogmű modelezése tömőanyagból) szájban foganként nem tartósan rögzítve (a modelezés után rögtön eltávolítjuk)";"Teljes szájrendbetétel";445
"Vizualizáció dublírozása fogívenként";"Teljes szájrendbetétel";446
"Vizualizáció és hosszútávú ideiglenes fogmű készítés tartós rögzítéssel foganként";"Teljes szájrendbetétel";447
"5460-as fogkefe, 1 db";"Termékek";448
"5460-as fogkefe, 3 db-os";"Termékek";449
"ADS gél fogkrém";"Termékek";450
"Curaprox mini tartónyél";"Termékek";451
"Curasept implant";"Termékek";452
"Curasept öblögető";"Termékek";453
"Curasept perio";"Termékek";454
"Egycsomós fogkefe";"Termékek";455
"Elektromos fogkefe, pótfej";"Termékek";456
"Elektromos fogkefe, pótfej, 4 db, együtt";"Termékek";457
"Elektromos fogkefe, pótfej, egycsomós/db,";"Termékek";458
"Elektromos fogkefe, pótfej, gyermek/db,";"Termékek";459
"Fogköztisztító kiskefe/ 1 db";"Termékek";460
"Fogköztisztító kiskefe/5 db+2 db nyél";"Termékek";461
"Fogköztisztító kiskefe/8 db nyél nélkül";"Termékek";462
"Fogköztisztító nyél (fém)";"Termékek";463
"Fogselyemvilla";"Termékek";464
"Gengigél";"Termékek";465
"Gengigél Teething";"Termékek";466
"Jégzselé";"Termékek";467
"Miolite polarizált fényterápia";"Termékek";468
"Miolite polarizált fényterápia otthoni kezelés/nap";"Termékek";469
"Nyelvtisztító (készlet 2 db)";"Termékek";470
"Oral B elektromos fogkefe";"Termékek";471
"ORAL B gyermek fogkefe";"Termékek";472
"ORAL B Indikátoros fogkefe";"Termékek";473
"Páciens tükör";"Termékek";474
"Plakkfestő tabletta, 12 db";"Termékek";475
"Plakkfestő tabletta, 4 db";"Termékek";476
"Superfloss fogselyem";"Termékek";477
"Szájsebészeti fogkefe";"Termékek";478
"Szájtapasz";"Termékek";479
"Szájzuhany pótfej";"Termékek";480
"Tooth Mousse";"Termékek";481
"Tükör, fém";"Termékek";482
"Tükör, műanyag";"Termékek";483
"Ultrafloss fogselyem";"Termékek";484
"WaterPik Classic szájzuhany WP70";"Termékek";485
"Waterpik for Kids";"Termékek";486
"Waterpik Traveler szájzuhany";"Termékek";487
"Waterpik Ultra szájzuhany";"Termékek";488
"Waterpik water flosser ultra professional";"Termékek";489
"3D nyomtatott minta / db";"Vizsgálatok, tesztek, modelezések";490
"Alsó ajakból történő szövettani mintavétel és szövettani vizsgálat";"Vizsgálatok, tesztek, modelezések";491
"Árajánlat (díja az első rendelői kezelésből jóváírásra kerül)";"Vizsgálatok, tesztek, modelezések";492
"Arcíves harapásrögzítés rágóizom relaxációs harapásvétellel alkalmanként";"Vizsgálatok, tesztek, modelezések";493
"Axiográfos izületbemérés";"Vizsgálatok, tesztek, modelezések";494
"CBCT felvétel elküldése vagy kiadása pendrive-on";"Vizsgálatok, tesztek, modelezések";495
"CT Nagy térfogatú fogászati CBCT felvétel";"Vizsgálatok, tesztek, modelezések";496
"Diagnodent, lézeres fogszuvasodásmérés (teljes fogsor)";"Vizsgálatok, tesztek, modelezések";497
"Digitális lenyomat állcsontonként";"Vizsgálatok, tesztek, modelezések";498
"Díjtalan kontroll";"Vizsgálatok, tesztek, modelezések";499
"Díjtalan konzultáció";"Vizsgálatok, tesztek, modelezések";500
"Duraphat kezelés/alkalmanként";"Vizsgálatok, tesztek, modelezések";501
"Egyéb dokumentáció elkészítése a páciens kérésére";"Vizsgálatok, tesztek, modelezések";502
"Első betegvizsgálat, konzultáció Orvosnál ( 30 perc )";"Vizsgálatok, tesztek, modelezések";503
"EndoCT Endodonciai egy fog felvétel 5cm X 5 cm";"Vizsgálatok, tesztek, modelezések";504
"Felviaszolás-Wax-Up - koronák, héjak modelezése gipszmintán viaszból foganként";"Vizsgálatok, tesztek, modelezések";505
"Fluor Protector";"Vizsgálatok, tesztek, modelezések";506
"Fluorid ionforézis kezelés a zománc szuvasodás elleni védelemre";"Vizsgálatok, tesztek, modelezések";507
"Fogágy állapotfelmérés, tasakmérés";"Vizsgálatok, tesztek, modelezések";508
"Genetikai immunológiai és bakteriológiai teszt fogágybetegség keltő kórokozók kimutatásásra";"Vizsgálatok, tesztek, modelezések";509
"Góckutatás OP, vagy CBCT elemzésével, a fogak vitalitásvizsgálatával, írásos szakvélemény kiadásával";"Vizsgálatok, tesztek, modelezések";510
"ICT érzéstelenítés";"Vizsgálatok, tesztek, modelezések";511
"Ismétlő konzultáció";"Vizsgálatok, tesztek, modelezések";512
"Kontroll -Orvosnál ( 30 perc )";"Vizsgálatok, tesztek, modelezések";513
"Kontroll ( 15 perc Dental Excellenece )";"Vizsgálatok, tesztek, modelezések";514
"Kontroll- Orvosnál ( 15 perc )";"Vizsgálatok, tesztek, modelezések";515
"Kontroll- Orvosnál (30 perc Dental Excellence )";"Vizsgálatok, tesztek, modelezések";516
"Konzultáció -Orvosnál ( 15 perc )";"Vizsgálatok, tesztek, modelezések";517
"Konzultáció Orvosnál ( 30 perc )";"Vizsgálatok, tesztek, modelezések";518
"Konzultáció Orvosnál ( 60 perc )";"Vizsgálatok, tesztek, modelezések";519
"Koronák, héjak modelezése a szájban tömőanyagból foganként ( Mock-Up)";"Vizsgálatok, tesztek, modelezések";520
"NTI kontroll";"Vizsgálatok, tesztek, modelezések";521
"Nyáltermelés vizsgálat, szájnyálkahártya szűrő vizsgálat, tanácsadás és orvosi szakvélemény kiállítása";"Vizsgálatok, tesztek, modelezések";522
"OP Digitális panoráma röntgen felvétel";"Vizsgálatok, tesztek, modelezések";523
"PA digitális röntgen felvétel";"Vizsgálatok, tesztek, modelezések";524
"PCR teszt";"Vizsgálatok, tesztek, modelezések";525
"RTG felvétel: kis méretű, fogászati RTG film";"Vizsgálatok, tesztek, modelezések";526
"Sinus röntgen felvétel";"Vizsgálatok, tesztek, modelezések";527
"Szakvélemény kiállítása, dokumentáció készítése";"Vizsgálatok, tesztek, modelezések";528
"Számítógépes érzéstelenítés Quick Sleeper készülékkel";"Vizsgálatok, tesztek, modelezések";529
"Számítógépes mosolytervezés";"Vizsgálatok, tesztek, modelezések";530
"Szoftlézerkezelés /alkalmanként";"Vizsgálatok, tesztek, modelezések";531
"Szövettani vizsgálat";"Vizsgálatok, tesztek, modelezések";532
"Támasztócsapos harapásrögzítés";"Vizsgálatok, tesztek, modelezések";533
"Tanulmányi lenyomat állcsontonként";"Vizsgálatok, tesztek, modelezések";534
"Teleröntgen";"Vizsgálatok, tesztek, modelezések";535
