NĂ©v;KategĂłria;Aliasok
"ElsĹ‘ komplex fogorvosi vizsgĂˇlat";"VizsgĂˇlat Ă©s diagnosztika";"elsĹ‘ vizsgĂˇlat|komplex vizsgĂˇlat|st.praes.|stomatolĂłgiai vizsgĂˇlat|fogĂˇszati alapvizsgĂˇlat"
"Kontroll vizsgĂˇlat (15 perc)";"VizsgĂˇlat Ă©s diagnosztika";"kontroll|kontroll 15|rĂ¶vid kontroll|recall"
"Kontroll vizsgĂˇlat (30 perc)";"VizsgĂˇlat Ă©s diagnosztika";"kontroll 30|hosszĂş kontroll"
"SĂĽrgĹ‘ssĂ©gi vizsgĂˇlat";"VizsgĂˇlat Ă©s diagnosztika";"akut|sĂĽrgĹ‘ssĂ©gi|ĂĽgyeleti|fĂˇjdalom miatti vizsgĂˇlat"
"KonzultĂˇciĂł (15 perc)";"VizsgĂˇlat Ă©s diagnosztika";"konz|konzi|rĂ¶vid konzultĂˇciĂł|tanĂˇcsadĂˇs"
"KonzultĂˇciĂł (30 perc)";"VizsgĂˇlat Ă©s diagnosztika";"konz 30|standard konzultĂˇciĂł"
"KonzultĂˇciĂł (60 perc)";"VizsgĂˇlat Ă©s diagnosztika";"konz 60|hosszĂş konzultĂˇciĂł|rĂ©szletes konzultĂˇciĂł"
"Online/videĂł konzultĂˇciĂł";"VizsgĂˇlat Ă©s diagnosztika";"online konzi|skype konz|zoom konzultĂˇciĂł|tĂˇvkonzultĂˇciĂł"
"MĂˇsodik vĂ©lemĂ©ny konzultĂˇciĂł";"VizsgĂˇlat Ă©s diagnosztika";"second opinion|vĂ©lemĂ©nykĂ©rĂ©s|szakorvosi vĂ©lemĂ©ny"
"IsmĂ©tlĹ‘ konzultĂˇciĂł";"VizsgĂˇlat Ă©s diagnosztika";"ismĂ©tlĹ‘ konzi|Ăşjabb konzultĂˇciĂł|follow-up konzultĂˇciĂł"
"PĂˇciens dokumentĂˇciĂł kiĂˇllĂ­tĂˇsa";"VizsgĂˇlat Ă©s diagnosztika";"dokumentĂˇciĂł|leĂ­rĂˇs|kĂłrleĂ­rĂˇs|orvosi igazolĂˇs"
"SzakvĂ©lemĂ©ny kiĂˇllĂ­tĂˇsa";"VizsgĂˇlat Ă©s diagnosztika";"szakvĂ©lemĂ©ny|igazolĂˇs|orvosi szakvĂ©lemĂ©ny"
"GĂłckutatĂˇs (CBCT/OP elemzĂ©s alapjĂˇn)";"VizsgĂˇlat Ă©s diagnosztika";"gĂłckutatĂˇs|gĂłcvizsgĂˇlat|fĂłkuszvizsgĂˇlat"
"VitalitĂˇsvizsgĂˇlat";"VizsgĂˇlat Ă©s diagnosztika";"vitalitĂˇs|vitĂˇlteszt|hidegteszt|electric pulp test|EPT"
"OP panorĂˇma rĂ¶ntgen";"VizsgĂˇlat Ă©s diagnosztika";"OP|panorĂˇma|panorĂˇmarĂ¶ntgen|orthopantomogram|OPG"
"PA fogĂˇszati rĂ¶ntgen";"VizsgĂˇlat Ă©s diagnosztika";"PA|kis rĂ¶ntgen|periapikĂˇlis|fogfilm|RTG"
"Bitewing rĂ¶ntgen";"VizsgĂˇlat Ă©s diagnosztika";"bitewing|harapĂˇsi rĂ¶ntgen|szĂˇrnyas rĂ¶ntgen"
"CBCT (kis volumenĹ±, fogĂˇszati)";"VizsgĂˇlat Ă©s diagnosztika";"CBCT|cone beam|3D rĂ¶ntgen|kis CBCT"
"CBCT (nagy volumenĹ±)";"VizsgĂˇlat Ă©s diagnosztika";"nagy CBCT|teljes CBCT|nagy tĂ©rfogatĂş CBCT"
"Endodonciai CBCT (egy fog, kis volumen)";"VizsgĂˇlat Ă©s diagnosztika";"endo CBCT|fĂłkusz CBCT|5x5 CBCT"
"TelerĂ¶ntgen";"VizsgĂˇlat Ă©s diagnosztika";"tele|telerĂ¶ntgen|kefalometriĂˇs|cefalometriĂˇs rĂ¶ntgen"
"Sinus rĂ¶ntgen";"VizsgĂˇlat Ă©s diagnosztika";"sinus RTG|mellĂ©kĂĽreg rĂ¶ntgen|orrmellĂ©kĂĽreg felvĂ©tel"
"CBCT/rĂ¶ntgen kiadĂˇsa pendrive-on";"VizsgĂˇlat Ă©s diagnosztika";"rĂ¶ntgen kiadĂˇs|CBCT pendrive|kĂ©pkiadĂˇs"
"DigitĂˇlis szkennelĂ©s (1 fogĂ­v)";"VizsgĂˇlat Ă©s diagnosztika";"szkennelĂ©s|intraorĂˇlis szken|digitĂˇlis lenyomat|iTero|TRIOS|Primescan"
"DigitĂˇlis szkennelĂ©s (2 fogĂ­v)";"VizsgĂˇlat Ă©s diagnosztika";"teljes szkennelĂ©s|alsĂł-felsĹ‘ szken"
"LenyomatvĂ©tel alginĂˇtos (egyszerĹ±)";"VizsgĂˇlat Ă©s diagnosztika";"alginĂˇt lenyomat|tanulmĂˇnyi lenyomat|preliminary lenyomat"
"LenyomatvĂ©tel precĂ­ziĂłs szilikon";"VizsgĂˇlat Ă©s diagnosztika";"precĂ­ziĂłs lenyomat|szilikon lenyomat|A-szilikon|polivinil sziloxĂˇn"
"LenyomatvĂ©tel egyĂ©ni kanĂˇllal";"VizsgĂˇlat Ă©s diagnosztika";"egyĂ©ni kanalas|individuĂˇlis kanĂˇl|funkcionĂˇlis lenyomat"
"EgyĂ©ni kanĂˇl kĂ©szĂ­tĂ©se";"VizsgĂˇlat Ă©s diagnosztika";"egyĂ©ni kanĂˇl|individual tray"
"HarapĂˇsrĂ¶gzĂ­tĂ©s (alkalmankĂ©nt)";"VizsgĂˇlat Ă©s diagnosztika";"harapĂˇs|bite|interocclusal record|harapĂˇsi regisztrĂˇciĂł"
"ArcĂ­ves harapĂˇsregisztrĂˇciĂł";"VizsgĂˇlat Ă©s diagnosztika";"arcĂ­v|facebow|arcĂ­ves bemĂ©rĂ©s"
"AxiogrĂˇfos Ă­zĂĽleti bemĂ©rĂ©s";"VizsgĂˇlat Ă©s diagnosztika";"axiogrĂˇf|axiogrĂˇfia|Ă­zĂĽletbemĂ©rĂ©s|Ă­zĂĽleti pĂˇlya rĂ¶gzĂ­tĂ©s"
"3D nyomtatott modell (db)";"VizsgĂˇlat Ă©s diagnosztika";"3D modell|nyomtatott modell|tanulmĂˇnyi modell"
"Wax-up (felviaszolĂˇs, fogankĂ©nt)";"VizsgĂˇlat Ă©s diagnosztika";"wax up|felviaszolĂˇs|diagnosztikai felviaszolĂˇs|tervezĂ©si viaszolĂˇs"
"Mock-up (vizualizĂˇciĂł szĂˇjban, fogankĂ©nt)";"VizsgĂˇlat Ă©s diagnosztika";"mock up|vizualizĂˇciĂł|prĂłba szĂˇjban|esztĂ©tikai prĂłba"
"VizualizĂˇciĂł rĂ¶gzĂ­tve (hosszĂştĂˇvĂş prĂłba, fogankĂ©nt)";"VizsgĂˇlat Ă©s diagnosztika";"hosszĂş mock up|tartĂłs vizualizĂˇciĂł|long term mock up"
"VizualizĂˇciĂł dublĂ­rozĂˇsa (fogĂ­venkĂ©nt)";"VizsgĂˇlat Ă©s diagnosztika";"mock up dublĂ­rozĂˇs|prĂłba mĂˇsolat"
"DigitĂˇlis mosolytervezĂ©s (DSD)";"VizsgĂˇlat Ă©s diagnosztika";"DSD|smile design|mosolytervezĂ©s|smiledesign"
"TasakmĂ©rĂ©s / parodontĂˇlis stĂˇtusz";"VizsgĂˇlat Ă©s diagnosztika";"tasakmĂ©rĂ©s|paro stĂˇtusz|paroprobĂˇlĂˇs|szondĂˇzĂˇs|paro charting"
"Diagnodent lĂ©zeres szuvasodĂˇsmĂ©rĂ©s";"VizsgĂˇlat Ă©s diagnosztika";"diagnodent|lĂ©zeres caries|szuvasodĂˇsmĂ©rĂ©s"
"Sialometria (nyĂˇltermelĂ©s vizsgĂˇlat)";"VizsgĂˇlat Ă©s diagnosztika";"sialometria|nyĂˇl|nyĂˇltermelĂ©s|nyĂˇlmennyisĂ©g"
"Genetikai/bakteriolĂłgiai paro teszt";"VizsgĂˇlat Ă©s diagnosztika";"paro teszt|baktĂ©rium teszt|genetikai teszt|PerioSafe"
"PCR teszt";"VizsgĂˇlat Ă©s diagnosztika";"PCR|patogĂ©n PCR|baktĂ©rium PCR"
"SzĂ¶vettani vizsgĂˇlat";"VizsgĂˇlat Ă©s diagnosztika";"szĂ¶vettan|hisztolĂłgia|biopszia"
"LĂˇgyrĂ©sz mintavĂ©tel (biopszia)";"VizsgĂˇlat Ă©s diagnosztika";"biopszia|mintavĂ©tel|lĂˇgyrĂ©szbiopszia|incisionalis biopszia"
"ICT komputer-vezĂ©relt Ă©rzĂ©stelenĂ­tĂ©s";"VizsgĂˇlat Ă©s diagnosztika";"ICT|szĂˇmĂ­tĂłgĂ©pes Ă©rzĂ©stelenĂ­tĂ©s|Quick Sleeper|computer assisted anesthesia|CCLAD"
"InfiltrĂˇciĂłs Ă©rzĂ©stelenĂ­tĂ©s";"VizsgĂˇlat Ă©s diagnosztika";"infiltrĂˇciĂł|szĂşrĂˇs|szuri|Ă©rzĂ©stelenĂ­tĂ©s"
"VezetĂ©ses Ă©rzĂ©stelenĂ­tĂ©s";"VizsgĂˇlat Ă©s diagnosztika";"mandibulĂˇris blokk|vezetĂ©ses|n. alveolaris inferior|alveolaris Ă©rzĂ©stelenĂ­tĂ©s"
"IntraligamentĂˇlis Ă©rzĂ©stelenĂ­tĂ©s";"VizsgĂˇlat Ă©s diagnosztika";"intraligamentĂˇlis|PDL Ă©rzĂ©stelenĂ­tĂ©s"
"FelszĂ­ni anesztĂ©zia (gĂ©l)";"VizsgĂˇlat Ă©s diagnosztika";"felszĂ­ni Ă©rzĂ©stelenĂ­tĂ©s|gĂ©l|EMLA|topikĂˇlis anesztĂ©zia"
"Tudatos szedĂˇciĂł (Dormicum)";"VizsgĂˇlat Ă©s diagnosztika";"szedĂˇciĂł|tudatos szedĂˇciĂł|Dormicum|midazolam"
"NitrogĂ©n-oxidul szedĂˇciĂł (kacaj-gĂˇz)";"VizsgĂˇlat Ă©s diagnosztika";"N2O|kacaj-gĂˇz|nitrogĂ©n-oxidul|inhalĂˇciĂłs szedĂˇciĂł"
"KezelĂ©si terv elkĂ©szĂ­tĂ©se";"VizsgĂˇlat Ă©s diagnosztika";"kezelĂ©si terv|terĂˇpiĂˇs terv|treatment plan"
"Ă�rajĂˇnlat kĂ©szĂ­tĂ©se";"VizsgĂˇlat Ă©s diagnosztika";"ĂˇrajĂˇnlat|ajĂˇnlat|kalkulĂˇciĂł"
"SzĂˇjhigiĂ©nĂ©s felmĂ©rĂ©s Ă©s tanĂˇcsadĂˇs (30 perc)";"DentĂˇlhigiĂ©nia";"szĂˇjhigiĂ©nĂ© felmĂ©rĂ©s|szĂˇjhigiĂ©nia|tanĂˇcsadĂˇs|fogmosĂˇs oktatĂˇs"
"EgyĂ©ni szĂˇjhigiĂ©nĂ©s instrukciĂł (gyermek)";"DentĂˇlhigiĂ©nia";"gyermek szĂˇjhigiĂ©nĂ©|gyerek oktatĂˇs|fogmosĂˇs oktatĂˇs gyermek"
"ProfesszionĂˇlis UH fogkĹ‘eltĂˇvolĂ­tĂˇs (felnĹ‘tt)";"DentĂˇlhigiĂ©nia";"depurĂˇlĂˇs|UH|ultrahangos fogkĹ‘|scaling|fogkĹ‘leszedĂ©s"
"ProfesszionĂˇlis fogkĹ‘eltĂˇvolĂ­tĂˇs (gyermek)";"DentĂˇlhigiĂ©nia";"depurĂˇlĂˇs gyermek|fogkĹ‘leszedĂ©s gyerek|gyermek scaling"
"Air-flow / Prophy-jet polĂ­rozĂˇs";"DentĂˇlhigiĂ©nia";"airflow|prophy jet|homokfĂşvĂł|polĂ­rozĂˇs|air polishing"
"Air-flow / Prophy-jet polĂ­rozĂˇs (gyermek)";"DentĂˇlhigiĂ©nia";"airflow gyerek|prophy jet gyermek"
"Komplex dentĂˇlhigiĂ©nĂ©s kezelĂ©s (UH + Prophy-jet, felnĹ‘tt)";"DentĂˇlhigiĂ©nia";"DH|komplex DH|fogkĹ‘+polĂ­rozĂˇs|kombinĂˇlt tisztĂ­tĂˇs|szĂˇjhigi"
"Komplex dentĂˇlhigiĂ©nĂ©s kezelĂ©s (gyermek)";"DentĂˇlhigiĂ©nia";"DH gyermek|kombinĂˇlt gyerek|gyermek dentĂˇlhigiĂ©nia"
"ĂŤny alatti fogkĹ‘eltĂˇvolĂ­tĂˇs kvadrĂˇnsonkĂ©nt";"DentĂˇlhigiĂ©nia";"subgingivĂˇlis depurĂˇlĂˇs|Ă­ny alatti scaling|kvadrĂˇns scaling"
"Sonicflex tasakkezelĂ©s (teljes fogazat)";"DentĂˇlhigiĂ©nia";"sonicflex|paro endo|tasakkezelĂ©s|piezo tasak"
"Root planing kvadrĂˇnsonkĂ©nt";"DentĂˇlhigiĂ©nia";"root planing|gyĂ¶kĂ©rfelszĂ­n simĂ­tĂˇs|RP|gyĂ¶kĂ©rsimĂ­tĂˇs"
"FluoridĂˇlĂˇs (Duraphat lakk)";"DentĂˇlhigiĂ©nia";"fluor|fluoridĂˇlĂˇs|Duraphat|fluorid lakk"
"Fluorid ionoforĂ©zis";"DentĂˇlhigiĂ©nia";"ionoforĂ©zis|fluorid ionoforĂ©zis"
"Fluor Protector";"DentĂˇlhigiĂ©nia";"fluor protector|Ivoclar fluor|UV fluor"
"Tooth Mousse alkalmazĂˇs";"DentĂˇlhigiĂ©nia";"tooth mousse|CPP-ACP|MI Paste|remineralizĂˇlĂł"
"PlakkfestĂ©s Ă©s oktatĂˇs";"DentĂˇlhigiĂ©nia";"plakkfestĂ©s|festĹ‘ tabletta|disclosing tablet"
"Frontfog tĂ¶mĂ©s (1 felszĂ­n)";"KonzervĂˇlĂł fogĂˇszat";"front 1F|metszĹ‘ tĂ¶mĂ©s 1F|kompozit front 1F|esztĂ©tikus tĂ¶mĂ©s"
"Frontfog tĂ¶mĂ©s (2 felszĂ­n)";"KonzervĂˇlĂł fogĂˇszat";"front 2F|metszĹ‘ tĂ¶mĂ©s 2F|kompozit front 2F"
"Frontfog tĂ¶mĂ©s (3 felszĂ­n)";"KonzervĂˇlĂł fogĂˇszat";"front 3F|metszĹ‘ tĂ¶mĂ©s 3F|kompozit front 3F|Ă©lpĂłtlĂˇs+tĂ¶mĂ©s"
"Frontfog tĂ¶mĂ©s (4+ felszĂ­n)";"KonzervĂˇlĂł fogĂˇszat";"front 4F|metszĹ‘ tĂ¶mĂ©s 4F|kiterjesztett front tĂ¶mĂ©s"
"KisĹ‘rlĹ‘ tĂ¶mĂ©s (1 felszĂ­n)";"KonzervĂˇlĂł fogĂˇszat";"premolĂˇris 1F|kisĂ¶rlĹ‘ 1F|kompozit kisĹ‘rlĹ‘ 1F|P1F"
"KisĹ‘rlĹ‘ tĂ¶mĂ©s (2 felszĂ­n)";"KonzervĂˇlĂł fogĂˇszat";"premolĂˇris 2F|kisĂ¶rlĹ‘ 2F|MOD kisĹ‘rlĹ‘ 2F|P2F"
"KisĹ‘rlĹ‘ tĂ¶mĂ©s (3+ felszĂ­n)";"KonzervĂˇlĂł fogĂˇszat";"premolĂˇris 3F|kisĂ¶rlĹ‘ 3F|MOD kisĹ‘rlĹ‘|P3F"
"NagyĹ‘rlĹ‘ tĂ¶mĂ©s (1 felszĂ­n)";"KonzervĂˇlĂł fogĂˇszat";"molĂˇris 1F|nagyĂ¶rlĹ‘ 1F|kompozit molĂˇris 1F|M1F"
"NagyĹ‘rlĹ‘ tĂ¶mĂ©s (2 felszĂ­n)";"KonzervĂˇlĂł fogĂˇszat";"molĂˇris 2F|nagyĂ¶rlĹ‘ 2F|MOD molĂˇris 2F|M2F"
"NagyĹ‘rlĹ‘ tĂ¶mĂ©s (3+ felszĂ­n)";"KonzervĂˇlĂł fogĂˇszat";"molĂˇris 3F|nagyĂ¶rlĹ‘ 3F|MOD molĂˇris|M3F"
"Fognyaki tĂ¶mĂ©s";"KonzervĂˇlĂł fogĂˇszat";"V. osztĂˇly|cervicalis tĂ¶mĂ©s|fognyak tĂ¶mĂ©s|abrĂˇziĂłs tĂ¶mĂ©s"
"Ă‰lpĂłtlĂˇs (frontfog)";"KonzervĂˇlĂł fogĂˇszat";"Ă©lpĂłtlĂˇs|incisalis pĂłtlĂˇs|inciso pĂłtlĂˇs"
"Direkt korona (kompozit, fogankĂ©nt)";"KonzervĂˇlĂł fogĂˇszat";"direkt korona|kompozit korona|build-up korona"
"FelĂ©pĂ­tĂ©s kompozittal (csap nĂ©lkĂĽl)";"KonzervĂˇlĂł fogĂˇszat";"felĂ©pĂ­tĂ©s|build up|kompozit felĂ©pĂ­tĂ©s|core build up"
"FelĂ©pĂ­tĂ©s rĂ¶vid ĂĽvegszĂˇlas kompozittal (everX)";"KonzervĂˇlĂł fogĂˇszat";"everX|short fiber|ĂĽvegszĂˇlas kompozit|biomimetikus felĂ©pĂ­tĂ©s"
"ĂśvegszĂˇlas csap behelyezĂ©se";"KonzervĂˇlĂł fogĂˇszat";"glass fiber post|ĂĽvegszĂˇlas csap|fiber post|gyĂ¶kĂ©rcsap"
"Csapos felĂ©pĂ­tĂ©s (ĂĽvegszĂˇlas csap + kompozit)";"KonzervĂˇlĂł fogĂˇszat";"csapos felĂ©pĂ­tĂ©s|csap+felĂ©pĂ­tĂ©s|post and core"
"RĂ©gi csap eltĂˇvolĂ­tĂˇsa";"KonzervĂˇlĂł fogĂˇszat";"csap eltĂˇvolĂ­tĂˇs|rĂ©gi csap eltĂˇvolĂ­tĂˇsa|post removal"
"Direkt felĂ©pĂ­tĂ©s injektĂˇlĂˇsos technikĂˇval";"KonzervĂˇlĂł fogĂˇszat";"injekciĂłs technika|inject technique|injektĂˇlĂˇsos|sĂ­n alatti kompozit"
"Direkt pulpasapkĂˇzĂˇs (vitĂˇlterĂˇpia, frontfog)";"KonzervĂˇlĂł fogĂˇszat";"vitĂˇlterĂˇpia front|direkt pulpa cap front|MTA front"
"Direkt pulpasapkĂˇzĂˇs (vitĂˇlterĂˇpia, kisĹ‘rlĹ‘)";"KonzervĂˇlĂł fogĂˇszat";"vitĂˇlterĂˇpia kisĹ‘rlĹ‘|direkt pulpa cap premolĂˇris"
"Direkt pulpasapkĂˇzĂˇs (vitĂˇlterĂˇpia, nagyĹ‘rlĹ‘)";"KonzervĂˇlĂł fogĂˇszat";"vitĂˇlterĂˇpia nagyĹ‘rlĹ‘|direkt pulpa cap molĂˇris"
"Indirekt pulpasapkĂˇzĂˇs";"KonzervĂˇlĂł fogĂˇszat";"indirekt pulpa cap|alĂˇbĂ©lelĂ©s mĂ©ly szuvasodĂˇsnĂˇl"
"AlĂˇbĂ©lelĂ©s MTA-val";"KonzervĂˇlĂł fogĂˇszat";"MTA alĂˇbĂ©lelĂ©s|MTA|Biodentine"
"AlĂˇbĂ©lelĂ©s Ledermix-szel";"KonzervĂˇlĂł fogĂˇszat";"ledermix|kortizonos alĂˇbĂ©lelĂ©s|gyulladĂˇscsillapĂ­tĂł alĂˇbĂ©lelĂ©s"
"Ideiglenes tĂ¶mĂ©s (ĂĽvegionomer)";"KonzervĂˇlĂł fogĂˇszat";"ideiglenes tĂ¶mĂ©s|GIC|ĂĽvegionomer|fuji"
"Ideiglenes tĂ¶mĂ©s (Cavit/cinkoxid-eugenol)";"KonzervĂˇlĂł fogĂˇszat";"cavit|ZOE|cinkoxid eugenol|ideiglenes lezĂˇrĂˇs"
"Inlay/Onlay (kompozit)";"KonzervĂˇlĂł fogĂˇszat";"kompozit inlay|kompozit onlay|kompozit betĂ©t"
"Inlay/Onlay (kerĂˇmia, e-max)";"KonzervĂˇlĂł fogĂˇszat";"e-max inlay|kerĂˇmia inlay|porcelĂˇn betĂ©t|kerĂˇmia onlay"
"Inlay/Onlay (cirkon)";"KonzervĂˇlĂł fogĂˇszat";"cirkon inlay|cirkon onlay|zirkĂłnium betĂ©t"
"TĂ¶mĂ©s-csiszolĂˇs / korrekciĂł";"KonzervĂˇlĂł fogĂˇszat";"korrekciĂł|csiszolĂˇs|adjusztĂˇlĂˇs|polish"
"MozgĂłfogak ideiglenes sĂ­nezĂ©se (kompozit)";"KonzervĂˇlĂł fogĂˇszat";"sĂ­nezĂ©s|kompozit sĂ­n|mobilis fog rĂ¶gzĂ­tĂ©s|temporary splint"
"MozgĂłfogak sĂ­nezĂ©se merevĂ­tĹ‘rosttal (Ribbond/Everstick)";"KonzervĂˇlĂł fogĂˇszat";"ribbond|everstick|fiber splint|merevĂ­tĹ‘rostos sĂ­nezĂ©s|Transmularis"
"KihĂşzott fog visszaragasztĂˇsa sĂ­nezĂ©ssel";"KonzervĂˇlĂł fogĂˇszat";"sajĂˇt fog visszaragasztĂˇs|reimplantĂˇciĂł kompozittal|kihĂşzott fog pĂłtlĂˇs"
"Kofferdam izolĂˇlĂˇs";"KonzervĂˇlĂł fogĂˇszat";"kofferdam|gumikendĹ‘|izolĂˇlĂˇs|rubber dam"
"MikroszkĂłpos diagnosztika (repedĂ©s/ĂˇlĂşt)";"KonzervĂˇlĂł fogĂˇszat";"mikroszkĂłp diag|repedĂ©skeresĂ©s|ĂˇlĂşt keresĂ©s|operating microscope diag"
"MikroszkĂłpos kiegĂ©szĂ­tĹ‘ kezelĂ©s preparĂˇlĂˇshoz";"KonzervĂˇlĂł fogĂˇszat";"mikroszkĂłp prepa|magnification|preparĂˇlĂˇs mikroszkĂłppal"
"Diagnosztikus direkt hĂ©j (Mock-up szĂˇjban, fogankĂ©nt)";"KonzervĂˇlĂł fogĂˇszat";"mock up szĂˇjban|prĂłba kompozittal|tervezĂ©si hĂ©j"
"TrepanĂˇlĂˇs (megnyitĂˇs)";"Endodoncia";"trepanĂˇlĂˇs|access opening|fogmegnyitĂˇs|kavitĂˇs kialakĂ­tĂˇs"
"PulpektĂłmia (Ă©lĹ‘ pulpa eltĂˇvolĂ­tĂˇs)";"Endodoncia";"pulpektĂłmia|pulp extirpation|Ă©lĹ‘ ideg eltĂˇvolĂ­tĂˇs"
"Pulpotomia";"Endodoncia";"pulpotomia|pulp amputation|rĂ©szleges pulpa eltĂˇvolĂ­tĂˇs"
"GyĂ¶kĂ©rkezelĂ©s elsĹ‘ kezelĂ©s - 1 csatorna (frontfog)";"Endodoncia";"gyĂ¶kĂ©rkezelĂ©s front|GYK 1 csat|RC 1 channel|root canal front|frontfog gyk"
"GyĂ¶kĂ©rkezelĂ©s elsĹ‘ kezelĂ©s - 2 csatorna (kisĹ‘rlĹ‘)";"Endodoncia";"gyĂ¶kĂ©rkezelĂ©s kisĹ‘rlĹ‘|GYK 2 csat|RC 2 channel|kisĹ‘rlĹ‘ gyk"
"GyĂ¶kĂ©rkezelĂ©s elsĹ‘ kezelĂ©s - 3 csatorna (nagyĹ‘rlĹ‘)";"Endodoncia";"gyĂ¶kĂ©rkezelĂ©s nagyĹ‘rlĹ‘ 3|GYK 3 csat|molĂˇris gyk 3"
"GyĂ¶kĂ©rkezelĂ©s elsĹ‘ kezelĂ©s - 4 csatorna (nagyĹ‘rlĹ‘)";"Endodoncia";"gyĂ¶kĂ©rkezelĂ©s nagyĹ‘rlĹ‘ 4|GYK 4 csat|molĂˇris gyk 4|MB2"
"GyĂ¶kĂ©rtĂ¶mĂ©s - 1 csatorna (frontfog)";"Endodoncia";"gyĂ¶kĂ©rtĂ¶mĂ©s front|GYT 1 csat|root filling 1|frontfog GYT"
"GyĂ¶kĂ©rtĂ¶mĂ©s - 2 csatorna (kisĹ‘rlĹ‘)";"Endodoncia";"gyĂ¶kĂ©rtĂ¶mĂ©s kisĹ‘rlĹ‘|GYT 2 csat|root filling 2"
"GyĂ¶kĂ©rtĂ¶mĂ©s - 3 csatorna (nagyĹ‘rlĹ‘)";"Endodoncia";"gyĂ¶kĂ©rtĂ¶mĂ©s nagyĹ‘rlĹ‘ 3|GYT 3 csat|molĂˇris GYT 3"
"GyĂ¶kĂ©rtĂ¶mĂ©s - 4 csatorna (nagyĹ‘rlĹ‘)";"Endodoncia";"gyĂ¶kĂ©rtĂ¶mĂ©s nagyĹ‘rlĹ‘ 4|GYT 4 csat|molĂˇris GYT 4"
"GyĂ¶kĂ©rcsatorna ĂˇtĂ¶blĂ­tĂ©s Ă©s gyĂłgyszeres zĂˇrĂˇs";"Endodoncia";"ĂˇtĂ¶blĂ­tĂ©s|gyĂłgyszeres zĂˇrĂˇs|CHX zĂˇrĂˇs|kalcium-hidroxid|interim dressing"
"KĂˇlcium-hidroxidos gyĂłgyszeres zĂˇrĂˇs";"Endodoncia";"Ca(OH)2|kalcium-hidroxid|gyĂłgyszeres zĂˇrĂˇs|UltraCal"
"RĂ©gi gyĂ¶kĂ©rtĂ¶mĂ©s eltĂˇvolĂ­tĂˇsa csatornĂˇnkĂ©nt (front/kisĹ‘rlĹ‘)";"Endodoncia";"GYT eltĂˇvolĂ­tĂˇs|reendo front|revĂ­ziĂłs front|RCT retreatment 1"
"RĂ©gi gyĂ¶kĂ©rtĂ¶mĂ©s eltĂˇvolĂ­tĂˇsa csatornĂˇnkĂ©nt (nagyĹ‘rlĹ‘)";"Endodoncia";"GYT eltĂˇvolĂ­tĂˇs molĂˇris|reendo molĂˇris|revĂ­ziĂłs molĂˇris"
"MikroszkĂłpos gyĂ¶kĂ©rkezelĂ©s elsĹ‘ kezelĂ©s - 1 csatorna";"Endodoncia";"MGYK 1|mikroszkĂłpos endo 1|microscope RC 1"
"MikroszkĂłpos gyĂ¶kĂ©rkezelĂ©s elsĹ‘ kezelĂ©s - 2 csatorna";"Endodoncia";"MGYK 2|mikroszkĂłpos endo 2|microscope RC 2"
"MikroszkĂłpos gyĂ¶kĂ©rkezelĂ©s elsĹ‘ kezelĂ©s - 3 csatorna";"Endodoncia";"MGYK 3|mikroszkĂłpos endo 3|microscope RC 3"
"MikroszkĂłpos gyĂ¶kĂ©rkezelĂ©s elsĹ‘ kezelĂ©s - 4 csatorna";"Endodoncia";"MGYK 4|mikroszkĂłpos endo 4|microscope RC 4"
"MikroszkĂłpos gyĂ¶kĂ©rkezelĂ©s mĂˇsodik kezelĂ©s - 1 csatorna";"Endodoncia";"MGYK 1 mĂˇsodik|mikroszkĂłpos endo mĂˇsodik 1"
"MikroszkĂłpos gyĂ¶kĂ©rkezelĂ©s mĂˇsodik kezelĂ©s - 2 csatorna";"Endodoncia";"MGYK 2 mĂˇsodik|mikroszkĂłpos endo mĂˇsodik 2"
"MikroszkĂłpos gyĂ¶kĂ©rkezelĂ©s mĂˇsodik kezelĂ©s - 3 csatorna";"Endodoncia";"MGYK 3 mĂˇsodik|mikroszkĂłpos endo mĂˇsodik 3"
"MikroszkĂłpos gyĂ¶kĂ©rkezelĂ©s mĂˇsodik kezelĂ©s - 4 csatorna";"Endodoncia";"MGYK 4 mĂˇsodik|mikroszkĂłpos endo mĂˇsodik 4"
"MikroszkĂłpos revĂ­ziĂł - GYT eltĂˇvolĂ­tĂˇs (front/kisĹ‘rlĹ‘, csatornĂˇnkĂ©nt)";"Endodoncia";"mikroszkĂłpos revĂ­ziĂł|micro retreatment front|MGYT-elt 1"
"MikroszkĂłpos revĂ­ziĂł - GYT eltĂˇvolĂ­tĂˇs (nagyĹ‘rlĹ‘, csatornĂˇnkĂ©nt)";"Endodoncia";"mikroszkĂłpos revĂ­ziĂł molĂˇris|micro retreatment molar|MGYT-elt M"
"MikroszkĂłpos betĂ¶rt mĹ±szer eltĂˇvolĂ­tĂˇsa";"Endodoncia";"betĂ¶rt reszelĹ‘|broken file removal|mĹ±szertĂ¶rĂ©s"
"MikroszkĂłpos csap eltĂˇvolĂ­tĂˇs";"Endodoncia";"csap eltĂˇvolĂ­tĂˇs mikroszkĂłppal|post removal|gyĂ¶kĂ©rcsap eltĂˇvolĂ­tĂˇs"
"MikroszkĂłpos extra kezelĂ©s bonyolult csatornĂˇnĂˇl";"Endodoncia";"extra mikroszkĂłp|comlex canal|kalcifikĂˇlt csatorna|MB2 keresĂ©s"
"ApexifikĂˇciĂł / apexogenezis";"Endodoncia";"apexifikĂˇciĂł|apexogenezis|nyitott apex|MTA apikĂˇl"
"BelsĹ‘ fogfehĂ©rĂ­tĂ©s (devitĂˇlis, fogankĂ©nt)";"Endodoncia";"belsĹ‘ fehĂ©rĂ­tĂ©s|internal bleaching|walking bleach"
"Intracanaliris ĂĽvegszĂˇlas csap (Dentapreg PinPost)";"Endodoncia";"intracanal post|pinpost|fiber post intracanal"
"Parapulparis ĂĽvegszĂˇlas csap (Dentapreg)";"Endodoncia";"parapulpĂˇris csap|kis csap|pin"
"E-max kerĂˇmiahĂ©j (fogankĂ©nt)";"EsztĂ©tikai fogĂˇszat";"e-max hĂ©j|kerĂˇmia hĂ©j|porcelĂˇn hĂ©j|veneer|lithium-diszilikĂˇt hĂ©j"
"PrĂ©selt kerĂˇmia hĂ©j (Empress)";"EsztĂ©tikai fogĂˇszat";"empress hĂ©j|empress|leucit kerĂˇmia hĂ©j"
"Veneer-lay";"EsztĂ©tikai fogĂˇszat";"veneer-lay|kombinĂˇlt hĂ©j-onlay|wraparound veneer"
"Renamel direkt hĂ©j belsĹ‘ szĂ­nezĂ©ssel";"EsztĂ©tikai fogĂˇszat";"renamel|kompozit hĂ©j rĂ©tegezve|cosmedent hĂ©j"
"Direkt kompozit hĂ©j (fogankĂ©nt)";"EsztĂ©tikai fogĂˇszat";"direkt veneer|kompozit hĂ©j|chairside veneer"
"HĂˇzi sĂ­nes fogfehĂ©rĂ­tĂ©s (alsĂł-felsĹ‘)";"EsztĂ©tikai fogĂˇszat";"otthoni fehĂ©rĂ­tĂ©s|sĂ­nes fehĂ©rĂ­tĂ©s|home bleaching|carbamid peroxid"
"RendelĹ‘i fogfehĂ©rĂ­tĂ©s (in-office)";"EsztĂ©tikai fogĂˇszat";"rendelĹ‘i fehĂ©rĂ­tĂ©s|chair-side fehĂ©rĂ­tĂ©s|Zoom|Beyond"
"KombinĂˇlt fogfehĂ©rĂ­tĂ©s (rendelĹ‘i + hĂˇzi)";"EsztĂ©tikai fogĂˇszat";"kombinĂˇlt fehĂ©rĂ­tĂ©s|in-office + home"
"BelsĹ‘ fogfehĂ©rĂ­tĂ©s (1 fogon, devitĂˇlis)";"EsztĂ©tikai fogĂˇszat";"belsĹ‘ fehĂ©rĂ­tĂ©s|elszĂ­nezĹ‘dĂ¶tt fog|walking bleach"
"FehĂ©rĂ­tĹ‘sĂ­n kĂ©szĂ­tĂ©se (alsĂł-felsĹ‘, lenyomatra)";"EsztĂ©tikai fogĂˇszat";"fehĂ©rĂ­tĹ‘sĂ­n|whitening tray|bleaching tray"
"FehĂ©rĂ­tĹ‘ utĂˇntĂ¶ltĹ‘ gĂ©l";"EsztĂ©tikai fogĂˇszat";"fehĂ©rĂ­tĹ‘ gĂ©l|carbamid gĂ©l|fehĂ©rĂ­tĹ‘ utĂˇntĂ¶ltĹ‘"
"FogĂ©kszer felragasztĂˇs";"EsztĂ©tikai fogĂˇszat";"fogĂ©kszer|jewel|tooth gem"
"FogĂ©kszer eltĂˇvolĂ­tĂˇs";"EsztĂ©tikai fogĂˇszat";"fogĂ©kszer levĂ©tel|jewel removal"
"Smile design / mosolytervezĂ©s";"EsztĂ©tikai fogĂˇszat";"DSD|smile design|esztĂ©tikai tervezĂ©s"
"Ă‰lpĂłtlĂˇs esztĂ©tikai cĂ©lbĂłl";"EsztĂ©tikai fogĂˇszat";"Ă©lpĂłtlĂˇs|inciso|esztĂ©tikai Ă©lpĂłtlĂˇs"
"PreparĂˇlĂˇs (fogankĂ©nt)";"FogpĂłtlĂˇstan â€“ rĂ¶gzĂ­tett";"prepa|preparĂˇlĂˇs|csiszolĂˇs|brĂşsz|tooth preparation"
"FĂ©mkerĂˇmia korona";"FogpĂłtlĂˇstan â€“ rĂ¶gzĂ­tett";"FK|fĂ©mkerĂˇmia|porcelĂˇn fĹ±zĂ¶tt fĂ©m|PFM"
"Cirkon korona (monolit)";"FogpĂłtlĂˇstan â€“ rĂ¶gzĂ­tett";"cirkon|monolit cirkon|zirkĂłnium korona"
"Cirkon korona (rĂ©teges)";"FogpĂłtlĂˇstan â€“ rĂ¶gzĂ­tett";"rĂ©teges cirkon|porcelĂˇn fĹ±zĂ¶tt cirkon|esztĂ©tikus cirkon"
"E-max kerĂˇmia korona";"FogpĂłtlĂˇstan â€“ rĂ¶gzĂ­tett";"e-max korona|lithium-diszilikĂˇt korona"
"Empress kerĂˇmia korona";"FogpĂłtlĂˇstan â€“ rĂ¶gzĂ­tett";"empress korona|leucit korona"
"HĂ­dtag (fĂ©mkerĂˇmia)";"FogpĂłtlĂˇstan â€“ rĂ¶gzĂ­tett";"FK hĂ­dtag|fĂ©mkerĂˇmia hĂ­d egysĂ©g|pontic FK"
"HĂ­dtag (cirkon)";"FogpĂłtlĂˇstan â€“ rĂ¶gzĂ­tett";"cirkon hĂ­dtag|zirkon pontic"
"HĂ­dtag (E-max)";"FogpĂłtlĂˇstan â€“ rĂ¶gzĂ­tett";"e-max hĂ­dtag|kerĂˇmia pontic"
"Inlay-elhorgonyzĂˇsĂş cirkon hĂ­d (egy fog pĂłtlĂˇs)";"FogpĂłtlĂˇstan â€“ rĂ¶gzĂ­tett";"inlay hĂ­d|adhezĂ­v hĂ­d cirkon|inlay-retained bridge"
"Maryland hĂ­d (kerĂˇmia szĂˇrny)";"FogpĂłtlĂˇstan â€“ rĂ¶gzĂ­tett";"maryland|szĂˇrnyas hĂ­d|adhezĂ­v hĂ­d|RBB"
"ImplantĂˇtumon csavarozott fĂ©mkerĂˇmia korona";"FogpĂłtlĂˇstan â€“ rĂ¶gzĂ­tett";"csavarozott FK|screw retained PFM|ĂˇtmenĹ‘csavaros FK"
"ImplantĂˇtumon csavarozott cirkon korona";"FogpĂłtlĂˇstan â€“ rĂ¶gzĂ­tett";"csavarozott cirkon|screw retained cirkon|ĂˇtmenĹ‘csavaros cirkon"
"ImplantĂˇtumon cementezett korona";"FogpĂłtlĂˇstan â€“ rĂ¶gzĂ­tett";"cementezett implantĂˇtum korona|cement retained|ragasztott implantĂˇtum korona"
"HosszĂştĂˇvĂş ideiglenes korona (laborban kĂ©szĂĽlt, PMMA)";"FogpĂłtlĂˇstan â€“ rĂ¶gzĂ­tett";"PMMA korona|long term temp|hosszĂştĂˇvĂş provizĂłrium"
"HosszĂştĂˇvĂş ideiglenes hĂ­d (PMMA)";"FogpĂłtlĂˇstan â€“ rĂ¶gzĂ­tett";"PMMA hĂ­d|hosszĂştĂˇvĂş ideiglenes hĂ­d|long term temp bridge"
"HosszĂştĂˇvĂş ideiglenes korona implantĂˇtumra (CAD/CAM)";"FogpĂłtlĂˇstan â€“ rĂ¶gzĂ­tett";"CAD/CAM provizĂłrium|implantĂˇtum ideiglenes korona|titĂˇnbĂˇzis provizĂłrium"
"Ideiglenes korona rendelĹ‘ben kĂ©szĂ­tve";"FogpĂłtlĂˇstan â€“ rĂ¶gzĂ­tett";"chairside ideiglenes|provizĂłrium rendelĹ‘ben|protemp"
"Ideiglenes hĂ­d kĂ©szĂ­tĂ©s A1/A3 fĂłliĂˇbĂłl";"FogpĂłtlĂˇstan â€“ rĂ¶gzĂ­tett";"fĂłliahĂşzott provizĂłrium|szĂ­vĂłformĂˇzott hĂ­d|deep draw temporary"
"Sapka ideiglenes cĂ©lra (fogankĂ©nt)";"FogpĂłtlĂˇstan â€“ rĂ¶gzĂ­tett";"sapka|provisional shell|ideiglenes sapka"
"All-on-4 csavarozott ideiglenes hĂ­d (PMMA, ĂˇllcsontonkĂ©nt)";"FogpĂłtlĂˇstan â€“ rĂ¶gzĂ­tett";"all on 4 ideiglenes|all-on-4 PMMA|csavarozott PMMA hĂ­d"
"All-on-4 csavarozott vĂ©gleges cirkon hĂ­d (ĂˇllcsontonkĂ©nt)";"FogpĂłtlĂˇstan â€“ rĂ¶gzĂ­tett";"all on 4 cirkon|all-on-4 final|csavarozott cirkon hĂ­d 4 implantĂˇtumon"
"All-on-6 csavarozott vĂ©gleges cirkon hĂ­d (ĂˇllcsontonkĂ©nt)";"FogpĂłtlĂˇstan â€“ rĂ¶gzĂ­tett";"all on 6 cirkon|all-on-6 final|csavarozott cirkon hĂ­d 6 implantĂˇtumon"
"HosszĂştĂˇvĂş ideiglenes hĂ­d Ivotion-erĹ‘sĂ­tett (ĂˇllcsontonkĂ©nt)";"FogpĂłtlĂˇstan â€“ rĂ¶gzĂ­tett";"Ivotion hĂ­d|teljes Ă­ves provizĂłrium|fĂ©mmel erĹ‘sĂ­tett PMMA"
"TeleszkĂłp korona (CAD/CAM primer + szekunder, fogankĂ©nt)";"FogpĂłtlĂˇstan â€“ rĂ¶gzĂ­tett";"teleszkĂłp|teleszkĂłp korona|primer-szekunder"
"PrecĂ­ziĂłs rĂ¶gzĂ­tĹ‘elem (db)";"FogpĂłtlĂˇstan â€“ rĂ¶gzĂ­tett";"precĂ­ziĂłs elem|attachment|rĂ¶gzĂ­tĹ‘elem"
"PrecĂ­ziĂłs elhorgonyzĂˇsĂş fogmĹ± fĂ©m alaplemeze";"FogpĂłtlĂˇstan â€“ rĂ¶gzĂ­tett";"precĂ­ziĂłs alaplemez|kombinĂˇlt munka alaplemez"
"SapkaprĂłba";"FogpĂłtlĂˇstan â€“ rĂ¶gzĂ­tett";"sapkaprĂłba|coping try-in"
"VĂˇzprĂłba";"FogpĂłtlĂˇstan â€“ rĂ¶gzĂ­tett";"vĂˇzprĂłba|framework try-in|substruktĂşra prĂłba"
"NyersprĂłba (biszkvitprĂłba)";"FogpĂłtlĂˇstan â€“ rĂ¶gzĂ­tett";"biszkvitprĂłba|nyers prĂłba|bisque try-in"
"FogprĂłba (rĂ¶gzĂ­tett pĂłtlĂˇsnĂˇl szĂ­nprĂłba)";"FogpĂłtlĂˇstan â€“ rĂ¶gzĂ­tett";"fogprĂłba|szĂ­nprĂłba|shade try-in"
"PrĂłbaragasztĂˇs (ideiglenes ragasztĂˇs)";"FogpĂłtlĂˇstan â€“ rĂ¶gzĂ­tett";"prĂłbaragasztĂˇs|TempBond|ideiglenes cementezĂ©s"
"VĂ©gleges ragasztĂˇs (rĂ¶gzĂ­tett pĂłtlĂˇsnĂˇl)";"FogpĂłtlĂˇstan â€“ rĂ¶gzĂ­tett";"vĂ©gleges ragasztĂˇs|cementezĂ©s|adhezĂ­v ragasztĂˇs|RelyX|Variolink"
"Korona levĂ©tel (ĂˇtvĂˇgott koronĂˇnkĂ©nt)";"FogpĂłtlĂˇstan â€“ rĂ¶gzĂ­tett";"korona ĂˇtvĂˇgĂˇs|korona levĂ©tel|crown sectioning"
"Korona visszaragasztĂˇs (vĂ©gleges)";"FogpĂłtlĂˇstan â€“ rĂ¶gzĂ­tett";"recementezĂ©s|korona visszaragasztĂˇs|recementation"
"Ideiglenes visszaragasztĂˇs";"FogpĂłtlĂˇstan â€“ rĂ¶gzĂ­tett";"ideiglenes visszaragasztĂˇs|temp recement"
"Protetikai munka beragasztĂˇsa / fogmĹ± ĂˇtadĂˇs";"FogpĂłtlĂˇstan â€“ rĂ¶gzĂ­tett";"fogmĹ± ĂˇtadĂˇs|munka beragasztĂˇs|delivery"
"MerevĂ­tĹ‘rostos direkt hĂ­d (egy fog hiĂˇny)";"FogpĂłtlĂˇstan â€“ rĂ¶gzĂ­tett";"direkt hĂ­d|fiber bridge|everstick hĂ­d|biomimetic bridge"
"RSVP ideiglenes hĂ©j";"FogpĂłtlĂˇstan â€“ rĂ¶gzĂ­tett";"RSVP|ideiglenes hĂ©j|temp veneer"
"PorcelĂˇn borĂ­tĂˇsĂş fĂ©mkorona";"FogpĂłtlĂˇstan â€“ rĂ¶gzĂ­tett";"PFM|porcelĂˇn fĹ±zĂ¶tt fĂ©m"
"Teljes kivehetĹ‘ fogsor akrilĂˇt (egy Ăˇllcsont)";"FogpĂłtlĂˇstan â€“ kivehetĹ‘";"akrilĂˇt fogsor|teljes fogsor|complete denture"
"Teljes kivehetĹ‘ fogsor BPS (egy Ăˇllcsont)";"FogpĂłtlĂˇstan â€“ kivehetĹ‘";"BPS|biofunkcionĂˇlis fogsor|Ivoclar BPS"
"BPS fogsor individualizĂˇlt alaplemezzel (egy Ăˇllcsont)";"FogpĂłtlĂˇstan â€“ kivehetĹ‘";"egyedi BPS|gnatolĂłgiai BPS|funkcionĂˇlis BPS"
"Teljes fogsor (Ivotion 3D nyomtatott)";"FogpĂłtlĂˇstan â€“ kivehetĹ‘";"Ivotion fogsor|3D nyomtatott fogsor|digital denture"
"RĂ©szleges kivehetĹ‘ fogsor (akrilĂˇt)";"FogpĂłtlĂˇstan â€“ kivehetĹ‘";"rĂ©szleges fogsor|RPF akrilĂˇt|partial denture"
"RĂ©szleges kivehetĹ‘ fogsor (fĂ©mlemezes, kapcsos)";"FogpĂłtlĂˇstan â€“ kivehetĹ‘";"fĂ©mlemezes fogsor|Ă¶ntĂ¶tt kapcsos|cast partial|kapocs|CoCr partial"
"Valplast 1 fogas pĂłtlĂˇs";"FogpĂłtlĂˇstan â€“ kivehetĹ‘";"valplast 1 fog|flexibilis 1 fog|nylon 1 fog"
"Valplast rĂ©szleges (1-2 fog, front)";"FogpĂłtlĂˇstan â€“ kivehetĹ‘";"valplast 1-2 front|kis valplast"
"Valplast rĂ©szleges (3-4 fog)";"FogpĂłtlĂˇstan â€“ kivehetĹ‘";"valplast 3-4|kĂ¶zepes valplast"
"Valplast teljes fogsor";"FogpĂłtlĂˇstan â€“ kivehetĹ‘";"teljes valplast|nylon fogsor"
"Valplast javĂ­tĂˇsa (fogankĂ©nt)";"FogpĂłtlĂˇstan â€“ kivehetĹ‘";"valplast javĂ­tĂˇs|nylon javĂ­tĂˇs"
"LokĂˇtoros kivehetĹ‘ fogsor (2 implantĂˇtumon)";"FogpĂłtlĂˇstan â€“ kivehetĹ‘";"lokĂˇtor 2|locator 2|overdenture 2 implantĂˇtum"
"LokĂˇtoros kivehetĹ‘ fogsor (4 implantĂˇtumon)";"FogpĂłtlĂˇstan â€“ kivehetĹ‘";"lokĂˇtor 4|locator 4|overdenture 4 implantĂˇtum"
"StĂ©ges kivehetĹ‘ fogsor (4 implantĂˇtumon)";"FogpĂłtlĂˇstan â€“ kivehetĹ‘";"stĂ©g 4|bar 4|gerendĂˇs 4 implantĂˇtum"
"StĂ©ges kivehetĹ‘ fogsor (6 implantĂˇtumon)";"FogpĂłtlĂˇstan â€“ kivehetĹ‘";"stĂ©g 6|bar 6|gerendĂˇs 6 implantĂˇtum"
"Variokugel elhorgonyzĂˇs";"FogpĂłtlĂˇstan â€“ kivehetĹ‘";"variokugel|gĂ¶mbĂ¶s elhorgonyzĂˇs|ball attachment"
"LokĂˇtor matrica cserĂ©je";"FogpĂłtlĂˇstan â€“ kivehetĹ‘";"lokĂˇtor matrica|locator insert csere|nylon csere"
"Fogsor alĂˇbĂ©lelĂ©s (kĂ¶zvetlen, kemĂ©ny)";"FogpĂłtlĂˇstan â€“ kivehetĹ‘";"alĂˇbĂ©lelĂ©s direkt|chairside reline|kemĂ©ny alĂˇbĂ©lelĂ©s"
"Fogsor alĂˇbĂ©lelĂ©s (kĂ¶zvetett, laborban)";"FogpĂłtlĂˇstan â€“ kivehetĹ‘";"laboratĂłriumi alĂˇbĂ©lelĂ©s|indirekt reline"
"Fogsor lĂˇgy alĂˇbĂ©lelĂ©s (Mollosil/szilikon)";"FogpĂłtlĂˇstan â€“ kivehetĹ‘";"lĂˇgy alĂˇbĂ©lelĂ©s|szilikon alĂˇbĂ©lelĂ©s|soft reline"
"Fogsor javĂ­tĂˇs (tĂ¶rĂ©s)";"FogpĂłtlĂˇstan â€“ kivehetĹ‘";"fogsor tĂ¶rĂ©s|tĂ¶rĂ¶tt fogsor javĂ­tĂˇs|denture repair"
"Fogsor javĂ­tĂˇs (fog/kapocs pĂłtlĂˇsa)";"FogpĂłtlĂˇstan â€“ kivehetĹ‘";"fog beragasztĂˇs fogsorba|kapocs pĂłtlĂˇs|tooth add"
"Ideiglenes fogsor (3D nyomtatott, ĂˇllcsontonkĂ©nt)";"FogpĂłtlĂˇstan â€“ kivehetĹ‘";"3D ideiglenes fogsor|nyomtatott ideiglenes fogsor"
"Ideiglenes fogsor (akrilĂˇt, ĂˇllcsontonkĂ©nt)";"FogpĂłtlĂˇstan â€“ kivehetĹ‘";"akrilĂˇt ideiglenes|sĂĽrgĹ‘ssĂ©gi fogsor|immediate denture"
"Ideiglenes fogsor laborban (Ivoclar fogakkal)";"FogpĂłtlĂˇstan â€“ kivehetĹ‘";"Ivoclar ideiglenes|ideiglenes fogsor labor|long term provisional denture"
"TanulmĂˇnyi lenyomat (alginĂˇt, ĂˇllcsontonkĂ©nt)";"FogpĂłtlĂˇstan â€“ kivehetĹ‘";"tanulmĂˇnyi lenyomat|alginĂˇt|preliminary impression"
"Lenyomati dĂ­j (precĂ­ziĂłs szilikon, ĂˇllcsontonkĂ©nt)";"FogpĂłtlĂˇstan â€“ kivehetĹ‘";"precĂ­ziĂłs lenyomat|szilikon lenyomat|funkcionĂˇlis lenyomat"
"FogbeĂĽltetĂ©s (premium implantĂˇtum, fogankĂ©nt)";"ImplantolĂłgia";"implantĂˇtum|fogbeĂĽltetĂ©s|implant placement|Nobel|Straumann|Astra"
"FogbeĂĽltetĂ©s (kĂ¶zĂ©p-kategĂłria implantĂˇtum, fogankĂ©nt)";"ImplantolĂłgia";"kĂ¶zĂ©pkategĂłriĂˇs implantĂˇtum|Dentium|AlphaBio|Bionika|MIS"
"FogbeĂĽltetĂ©s (sĂĽrgĹ‘ssĂ©gi/azonnali, fogankĂ©nt)";"ImplantolĂłgia";"azonnali implantĂˇciĂł|immediate implant|sĂĽrgĹ‘ssĂ©gi implantĂˇciĂł"
"Cirkon (kerĂˇmia) implantĂˇtum";"ImplantolĂłgia";"cirkon implantĂˇtum|zirkĂłnium implantĂˇtum|Nobel Pearl|Straumann Pure|kerĂˇmia implantĂˇtum"
"Mini implantĂˇtum (pin)";"ImplantolĂłgia";"mini implantĂˇtum|pin implant|kisĂˇtmĂ©rĹ‘jĹ± implant"
"MĹ±tĂ©ti sablon kĂ©szĂ­tĂ©s (statikus navigĂˇciĂł)";"ImplantolĂłgia";"surgical guide|fĂşrĂłsablon|navigĂˇciĂł|Smart Guide|implant guide"
"3D digitĂˇlis implantĂˇciĂłs tervezĂ©s";"ImplantolĂłgia";"3D tervezĂ©s|implantĂˇciĂłs tervezĂ©s|coDiagnostix|Blue Sky Plan"
"ImplantĂˇtum felszabadĂ­tĂˇs (gyĂłgyulĂˇs utĂˇn)";"ImplantolĂłgia";"implant uncovering|II. fĂˇzis sebĂ©szet|mĂˇsodik mĹ±tĂ©t|exposure"
"ĂŤnyformĂˇzĂł csavar behelyezĂ©se";"ImplantolĂłgia";"healing|gyĂłgyulĂˇsi csavar|Ă­nyformĂˇzĂł|tissue former|gingiva former"
"Egyedi gyĂłgyulĂˇsi csavar (CAD/CAM)";"ImplantolĂłgia";"egyedi healing|custom healing|emergence profile shaping"
"ImplantĂˇtum eltĂˇvolĂ­tĂˇs (mĹ±tĂ©ti)";"ImplantolĂłgia";"implantĂˇtum eltĂˇvolĂ­tĂˇs|implant explantation|implant removal"
"ImplantĂˇtumon betĂ¶rt csavar eltĂˇvolĂ­tĂˇsa";"ImplantolĂłgia";"betĂ¶rt csavar|broken screw removal|abutment screw fracture"
"Peri-implantitis kezelĂ©s (kĂĽrettĂˇlĂˇs)";"ImplantolĂłgia";"peri-implantitis|implantĂˇtum kĂĽrettĂˇlĂˇs|implantĂˇtum tisztĂ­tĂˇs"
"Hybenx kezelĂ©s peri-implantitisnĂ©l";"ImplantolĂłgia";"hybenx|implantĂˇtum dekontaminĂˇciĂł|periimplantitis kezelĂ©s"
"CsontpĂłtlĂˇs (extrakciĂłs zsugorodĂˇs megelĹ‘zĂ©s, frontfog/kisĹ‘rlĹ‘)";"ImplantolĂłgia";"socket preservation front|alveolus megĹ‘rzĂ©s|ridge preservation 1"
"CsontpĂłtlĂˇs (extrakciĂłs zsugorodĂˇs megelĹ‘zĂ©s, nagyĹ‘rlĹ‘)";"ImplantolĂłgia";"socket preservation molĂˇris|alveolus megĹ‘rzĂ©s molĂˇris|ridge preservation M"
"CsontpĂłtlĂˇs Ăˇllcsontgerinc szĂ©lesĂ­tĂ©sĂ©re";"ImplantolĂłgia";"GBR|guided bone regeneration|gerincszĂ©lesĂ­tĂ©s|ridge augmentation"
"CsontpĂłtlĂˇs vertikĂˇlis augmentĂˇciĂł";"ImplantolĂłgia";"vertikĂˇlis augmentĂˇciĂł|magassĂˇgi csontpĂłtlĂˇs|vertical GBR"
"Sinuslift zĂˇrt technika";"ImplantolĂłgia";"zĂˇrt sinuslift|crestal sinuslift|Summers technika|osteotom sinuslift"
"Sinuslift nyitott technika";"ImplantolĂłgia";"nyitott sinuslift|laterĂˇlis sinuslift|window sinuslift"
"SinusperforĂˇciĂł zĂˇrĂˇs";"ImplantolĂłgia";"sinus zĂˇrĂˇs|membrĂˇnperforĂˇciĂł zĂˇrĂˇs|Schneider perforĂˇciĂł"
"Csontblokk transzplantĂˇciĂł (autogĂ©n)";"ImplantolĂłgia";"csontblokk|autogĂ©n blokk|J-graft|onlay graft"
"SajĂˇtcsont gyĹ±jtĂ©s csontkaparĂłval";"ImplantolĂłgia";"safescraper|csontkaparĂˇs|micross|smartscraper|csontgyĹ±jtĂ©s"
"LĂˇgyszĂ¶vet augmentĂˇciĂł (kĂ¶tĹ‘szĂ¶veti graft)";"ImplantolĂłgia";"CTG|kĂ¶tĹ‘szĂ¶veti graft|connective tissue graft|szĂˇjpadgraft"
"RecessziĂł fedĂ©s (Mucograft)";"ImplantolĂłgia";"recessziĂł fedĂ©s|root coverage|recessziĂłfedĂ©s|Mucograft"
"Feszes Ă­ny kĂ©pzĂ©se implantĂˇtum felszabadĂ­tĂˇssal";"ImplantolĂłgia";"feszes Ă­ny|attached gingiva|kerathinizĂˇlt Ă­ny pĂłtlĂˇs|FGG"
"MikroimplantĂˇtum fogszabĂˇlyozĂˇsi cĂ©llal";"ImplantolĂłgia";"TAD|temporary anchorage device|orthodontic mini-implant|mikroimplantĂˇtum orto"
"FelĂ©pĂ­tĹ‘fej standard (titĂˇn)";"ImplantolĂłgia";"abutment|titĂˇn abutment|stock abutment|standard felĂ©pĂ­tĹ‘fej"
"Egyedi felĂ©pĂ­tĹ‘fej (CAD/CAM titĂˇn)";"ImplantolĂłgia";"custom abutment|egyedi titĂˇn abutment|CAD/CAM abutment"
"Egyedi felĂ©pĂ­tĹ‘fej (cirkon)";"ImplantolĂłgia";"cirkon abutment|cirkon felĂ©pĂ­tĹ‘fej|zirconia abutment"
"Multiunit ĂˇtĂ©pĂ­tĹ‘ (csavarozott pĂłtlĂˇsokhoz)";"ImplantolĂłgia";"multiunit|MUA|multi-unit abutment|hĂ­dfej csavarozott"
"TitĂˇn bĂˇzis (Ti-base)";"ImplantolĂłgia";"Ti-base|titĂˇn bĂˇzis|hibrid abutment alapja"
"Ă�tmenĹ‘csavar (prosthetic screw)";"ImplantolĂłgia";"prosthetic screw|ĂˇtmenĹ‘csavar|abutment screw"
"Ideiglenes felĂ©pĂ­tĹ‘fej";"ImplantolĂłgia";"temp abutment|ideiglenes abutment|provisional abutment"
"ParodontolĂłgiai szakvizsgĂˇlat";"ParodontolĂłgia";"paro szakvizsgĂˇlat|paro vizsgĂˇlat|periodontal exam"
"ParodontolĂłgiai szakvizsgĂˇlat tasakmĂ©rĂ©ssel";"ParodontolĂłgia";"paro stĂˇtusz|paro charting|tasakmĂ©rĂ©s"
"ZĂˇrt kĂĽrett (fogankĂ©nt)";"ParodontolĂłgia";"zĂˇrt kĂĽrett|closed curettage|paro kĂĽrett 1 fog|SRP fogankĂ©nt"
"ZĂˇrt kĂĽrett (kvadrĂˇnsonkĂ©nt)";"ParodontolĂłgia";"zĂˇrt kĂĽrett kvadrĂˇns|SRP kvadrĂˇns|closed curettage QD"
"ZĂˇrt kĂĽrett (ĂˇllcsontonkĂ©nt)";"ParodontolĂłgia";"zĂˇrt kĂĽrett egĂ©sz fogĂ­v|paro Ăˇllcsont|SRP teljes Ă­v"
"ZĂˇrt kĂĽrett (teljes szĂˇj, full mouth disinfection)";"ParodontolĂłgia";"FMD|full mouth disinfection|teljes szĂˇj kĂĽrett|24 ĂłrĂˇs protokoll"
"Nyitott kĂĽrett 1 fogra";"ParodontolĂłgia";"nyitott kĂĽrett 1|open flap 1 fog|paro lebenyes 1"
"Nyitott kĂĽrett 2 fogra";"ParodontolĂłgia";"nyitott kĂĽrett 2|open flap 2 fog"
"Nyitott kĂĽrett 3 fogra";"ParodontolĂłgia";"nyitott kĂĽrett 3|open flap 3 fog"
"Nyitott kĂĽrett 4+ fogra";"ParodontolĂłgia";"nyitott kĂĽrett 4|open flap 4 fog|kiterjesztett nyitott kĂĽrett"
"Emdogain regeneratĂ­v parodontĂˇlis mĹ±tĂ©t (anyagdĂ­j nĂ©lkĂĽl)";"ParodontolĂłgia";"emdogain mĹ±tĂ©t|EMD|enamel matrix derivative|regeneratĂ­v paro"
"GTR irĂˇnyĂ­tott szĂ¶vetregenerĂˇciĂł";"ParodontolĂłgia";"GTR|guided tissue regeneration|membrĂˇnos paro mĹ±tĂ©t"
"RecessziĂł fedĂ©s I. (egyszerĹ±)";"ParodontolĂłgia";"recessziĂł fedĂ©s 1|root coverage simple|CAF"
"RecessziĂł fedĂ©s II. (Ă¶sszetett)";"ParodontolĂłgia";"recessziĂł fedĂ©s 2|root coverage complex|tunnel|VISTA"
"FunkcionĂˇlis koronahosszabbĂ­tĂł mĹ±tĂ©t (fogankĂ©nt)";"ParodontolĂłgia";"koronahosszabbĂ­tĂˇs 1|crown lengthening 1|esztĂ©tikai koronahosszabbĂ­tĂˇs"
"FunkcionĂˇlis koronahosszabbĂ­tĂł mĹ±tĂ©t (kvadrĂˇnsonkĂ©nt)";"ParodontolĂłgia";"koronahosszabbĂ­tĂˇs kvadrĂˇns|crown lengthening QD"
"MucogingivĂˇlis sebĂ©szet";"ParodontolĂłgia";"mucogingivĂˇlis|MGS|periodontal plastic surgery"
"Gingivectomia";"ParodontolĂłgia";"gingivectomia|Ă­ny eltĂˇvolĂ­tĂˇs|GIN"
"Gingivoplasztika / Ă­nykorrekciĂł";"ParodontolĂłgia";"gingivoplasztika|Ă­ny formĂˇzĂˇs|esztĂ©tikai Ă­nykorrekciĂł"
"Frenulum plasztika - felsĹ‘ ajakfĂ©k";"ParodontolĂłgia";"felsĹ‘ ajakfĂ©k|frenulum plasztika|labial frenectomy"
"Frenulum plasztika - alsĂł ajakfĂ©k";"ParodontolĂłgia";"alsĂł ajakfĂ©k|alsĂł frenulum plasztika"
"NyelvfĂ©k felvĂˇgĂˇs (frenotomia)";"ParodontolĂłgia";"nyelvfĂ©k|lingual frenectomy|nyelvfĂ©k vĂˇgĂˇs|tongue tie"
"Soft-laser (lĂ©zerterĂˇpia, alkalmankĂ©nt)";"ParodontolĂłgia";"soft laser|lĂ©zerterĂˇpia|low level laser|LLLT"
"ParodontolĂłgia kontroll";"ParodontolĂłgia";"paro kontroll|periodontal recall|tasak kontroll"
"ParodontolĂłgia mĹ±tĂ©t utĂˇni kontroll";"ParodontolĂłgia";"posztop paro kontroll|paro mĹ±tĂ©ti kontroll"
"FoghĂşzĂˇs egyszerĹ± (db)";"SzĂˇjsebĂ©szet";"extr|extractio|fog kihĂşzĂˇsa|simple extraction|foghĂşzĂˇs"
"FoghĂşzĂˇs varrattal (db)";"SzĂˇjsebĂ©szet";"extr varrattal|szuturĂˇs extractio|extraction with suture"
"MĹ±tĂ©ti foghĂşzĂˇs (feltĂˇrĂˇssal)";"SzĂˇjsebĂ©szet";"mĹ±tĂ©ti extractio|surgical extraction|feltĂˇrĂˇsos foghĂşzĂˇs"
"MĹ±tĂ©ti bĂ¶lcsessĂ©gfog eltĂˇvolĂ­tĂˇs (felsĹ‘)";"SzĂˇjsebĂ©szet";"felsĹ‘ 8-as eltĂˇvolĂ­tĂˇs|maxilla 8|wisdom tooth UP|felsĹ‘ bĂ¶lcsessĂ©gfog"
"MĹ±tĂ©ti bĂ¶lcsessĂ©gfog eltĂˇvolĂ­tĂˇs (alsĂł)";"SzĂˇjsebĂ©szet";"alsĂł 8-as eltĂˇvolĂ­tĂˇs|mandibula 8|wisdom tooth LO|alsĂł bĂ¶lcsessĂ©gfog"
"RetinĂˇlt bĂ¶lcsessĂ©gfog eltĂˇvolĂ­tĂˇsa (impactĂˇlt)";"SzĂˇjsebĂ©szet";"retinĂˇlt 8|impacted molar|csontba zĂˇrt 8-as"
"Tejfog eltĂˇvolĂ­tĂˇs Ă©rzĂ©stelenĂ­tĂ©s nĂ©lkĂĽl";"SzĂˇjsebĂ©szet";"tejfoghĂşzĂˇs|deciduous extraction|Ă©rzĂ©stelenĂ­tĂ©s nĂ©lkĂĽl tejfog"
"Tejfog eltĂˇvolĂ­tĂˇs Ă©rzĂ©stelenĂ­tĂ©ssel";"SzĂˇjsebĂ©szet";"tejfoghĂşzĂˇs Ă©rzĂ©stelenĂ­tve|tejfog extr injekciĂłval"
"GyĂ¶kĂ©r eltĂˇvolĂ­tĂˇsa (Dissectio)";"SzĂˇjsebĂ©szet";"dissectio|gyĂ¶kĂ©r disszekciĂł|root resection"
"Pericoronitis kezelĂ©s";"SzĂˇjsebĂ©szet";"pericoronitis|operculectomia|Ă­ny gyulladĂˇs 8-as"
"Alveolitis kezelĂ©s";"SzĂˇjsebĂ©szet";"alveolitis|szĂˇrazfog|dry socket|csĂ­kkezelĂ©s"
"CsĂ­kcsere (alveolitis)";"SzĂˇjsebĂ©szet";"csĂ­kcsere|alvogyl csere|tampon csere"
"TĂˇlyog megnyitĂˇs (inciziĂł)";"SzĂˇjsebĂ©szet";"abscessus|tĂˇlyog megnyitĂˇs|incision and drainage|inciziĂł"
"CisztektĂłmia";"SzĂˇjsebĂ©szet";"cystectomia|cisztektĂłmia|gyĂ¶kĂ©rcsĂşcs ciszta mĹ±tĂ©t"
"GyĂ¶kĂ©rcsĂşcs reszekciĂł - frontfog";"SzĂˇjsebĂ©szet";"resectio front|gyĂ¶kĂ©rcsĂşcs reszekciĂł front|apicoectomy front"
"GyĂ¶kĂ©rcsĂşcs reszekciĂł - kisĹ‘rlĹ‘";"SzĂˇjsebĂ©szet";"resectio kisĹ‘rlĹ‘|apicoectomy premolar"
"GyĂ¶kĂ©rcsĂşcs reszekciĂł - nagyĹ‘rlĹ‘";"SzĂˇjsebĂ©szet";"resectio nagyĹ‘rlĹ‘|apicoectomy molar"
"ReszekciĂł reoperĂˇciĂł";"SzĂˇjsebĂ©szet";"reszekciĂł reop|reapikoektomia|ĂşjramĹ±tĂ©t"
"RetrogrĂˇd gyĂ¶kĂ©rtĂ¶mĂ©s (csatornĂˇnkĂ©nt)";"SzĂˇjsebĂ©szet";"retrogrĂˇd GYT|MTA root end filling|reverse root canal filling"
"Sinus zĂˇrĂˇs (oroantrĂˇlis kommunikĂˇciĂł)";"SzĂˇjsebĂ©szet";"sinus zĂˇrĂˇs|OAC|oroantrĂˇlis zĂˇrĂˇs|MAS mĹ±tĂ©t"
"LĂˇgyrĂ©sz kimetszĂ©s";"SzĂˇjsebĂ©szet";"lĂˇgyrĂ©sz kimetszĂ©s|excisio|soft tissue excision"
"LĂˇgyrĂ©sz kimetszĂ©s szĂ¶vettani vizsgĂˇlattal";"SzĂˇjsebĂ©szet";"excisio + szĂ¶vettan|excisional biopsy"
"NyĂˇlkahĂˇrtya elvĂˇltozĂˇs eltĂˇvolĂ­tĂˇsa";"SzĂˇjsebĂ©szet";"mucosa elvĂˇltozĂˇs|fibroma|epulis|mucocele eltĂˇvolĂ­tĂˇs"
"ImplantĂˇtum mĹ±tĂ©ti eltĂˇvolĂ­tĂˇsa";"SzĂˇjsebĂ©szet";"implant explantation|implantĂˇtum eltĂˇvolĂ­tĂˇs mĹ±tĂ©ti"
"ImplantĂˇtum felszabadĂ­tĂˇs II. fĂˇzis";"SzĂˇjsebĂ©szet";"implant uncovering|II. fĂˇzis|exposure"
"VarratszedĂ©s";"SzĂˇjsebĂ©szet";"varratszedĂ©s|suture removal|szutura kivĂ©tel"
"Hemostasis (vĂ©rzĂ©scsillapĂ­tĂˇs)";"SzĂˇjsebĂ©szet";"hemostasis|vĂ©rzĂ©scsillapĂ­tĂˇs|posztextrakciĂłs vĂ©rzĂ©s"
"Sialolithiasis (nyĂˇlkĹ‘ eltĂˇvolĂ­tĂˇs)";"SzĂˇjsebĂ©szet";"nyĂˇlkĹ‘|sialolith|nyĂˇlcsator nyitĂˇs"
"MĹ±tĂ©ti elĹ‘kĂ©szĂ­tĂ©s (Hygitech steril takarĂˇs)";"SzĂˇjsebĂ©szet";"steril takarĂˇs|mĹ±tĂ©ti elĹ‘kĂ©szĂ­tĂ©s|hygitech|surgical drape"
"ApikĂˇlis kĂĽrettĂˇlĂˇs";"SzĂˇjsebĂ©szet";"apikĂˇlis kĂĽrett|apical curettage"
"Gyermek elsĹ‘ vizsgĂˇlat (adaptĂˇciĂł)";"GyermekfogĂˇszat";"gyermek vizsgĂˇlat|adaptĂˇciĂł|elsĹ‘ talĂˇlkozĂˇs|tell-show-do"
"Gyermek kontroll vizsgĂˇlat";"GyermekfogĂˇszat";"gyermek kontroll|recall pediatric"
"Tejfog tĂ¶mĂ©s (1 felszĂ­n)";"GyermekfogĂˇszat";"tejfog 1F|deciduous filling 1F|tejfog tĂ¶mĂ©s 1 felszĂ­n"
"Tejfog tĂ¶mĂ©s (2+ felszĂ­n)";"GyermekfogĂˇszat";"tejfog 2F|deciduous filling 2F|MOD tejfog"
"Tejfog ideiglenes gyĂłgyszeres tĂ¶mĂ©se";"GyermekfogĂˇszat";"tejfog gyĂłgyszeres|cariostatic|SDF|ezĂĽst-diamin-fluorid"
"Tejfog trepanĂˇlĂˇs";"GyermekfogĂˇszat";"tejfog trepanĂˇlĂˇs|tejfog megnyitĂˇs"
"Pulpotomia tejfogon";"GyermekfogĂˇszat";"pulpotomia tejfog|formokrezol pulpotomia|MTA pulpotomia"
"Tejfog gyĂ¶kĂ©rtĂ¶mĂ©s (pulpektĂłmia)";"GyermekfogĂˇszat";"tejfog GYT|tejfog pulpektĂłmia|root filling deciduous"
"Tejfog stainless steel korona (SSC)";"GyermekfogĂˇszat";"SSC|preformĂˇlt korona|tejfog acĂ©l korona|Hall korona|Hall technique"
"Tejfog cirkon korona";"GyermekfogĂˇszat";"tejfog cirkon korona|esztĂ©tikus tejfog korona|zirconia ped crown"
"Tejfog eltĂˇvolĂ­tĂˇs (alkalmankĂ©nt)";"GyermekfogĂˇszat";"tejfoghĂşzĂˇs|tejfog extr|deciduous extraction"
"HelyfenntartĂł (rĂ¶gzĂ­tett, band-loop / lingual Ă­v)";"GyermekfogĂˇszat";"helyfenntartĂł|space maintainer|band-loop|Nance"
"HelyfenntartĂł (kivehetĹ‘)";"GyermekfogĂˇszat";"kivehetĹ‘ helyfenntartĂł|removable space maintainer"
"BarĂˇzdazĂˇrĂˇs (felszĂ­ni)";"GyermekfogĂˇszat";"barĂˇzdazĂˇrĂˇs|sealant|sealing|fissure sealant"
"Kiterjesztett barĂˇzdazĂˇrĂˇs";"GyermekfogĂˇszat";"kiterjesztett sealant|preventive resin restoration|PRR"
"Kinetikus preparĂˇciĂłval vĂ©gzett barĂˇzdazĂˇrĂˇs (EtchMaster)";"GyermekfogĂˇszat";"kinetikus prep|airabrasion sealant|EtchMaster"
"FluoridĂˇlĂˇs (gyermek, alkalmankĂ©nt)";"GyermekfogĂˇszat";"fluor gyerek|Duraphat gyerek|fluor lakk gyermek"
"AnyĂˇk tanĂˇcsadĂˇs (csecsemĹ‘/kisded)";"GyermekfogĂˇszat";"anyatanĂˇcsadĂˇs|infant counseling|early childhood prevention"
"JĂˇtĂ©kos adaptĂˇciĂł (kĂĽlĂ¶n ĂĽlĂ©s)";"GyermekfogĂˇszat";"adaptĂˇciĂł|tell-show-do|gyerek adaptĂˇciĂł|behavior management"
"FogszabĂˇlyozĂł pĂˇciens vizsgĂˇlat";"FogszabĂˇlyozĂˇs";"orto vizsgĂˇlat|fogszabĂˇlyozĂˇs vizsgĂˇlat|ortodonciai vizsgĂˇlat"
"FogszabĂˇlyozĂˇsi dokumentĂˇciĂł (fotĂł + lenyomat/szken)";"FogszabĂˇlyozĂˇs";"orto dokumentĂˇciĂł|orto fotĂł|orto lenyomat|orthodontic records"
"3D digitĂˇlis orto tervezĂ©s (sĂ­nes terĂˇpia tervezĂ©s)";"FogszabĂˇlyozĂˇs";"3D orto tervezĂ©s|clincheck|sĂ­nes tervezĂ©s|aligner planning"
"KivehetĹ‘ fogszabĂˇlyozĂł kĂ©szĂĽlĂ©k (1 fogĂ­v)";"FogszabĂˇlyozĂˇs";"kivehetĹ‘ kĂ©szĂĽlĂ©k|removable orto|1 fogĂ­ves kivehetĹ‘"
"KivehetĹ‘ fogszabĂˇlyozĂł kĂ©szĂĽlĂ©k (bimaxillĂˇris)";"FogszabĂˇlyozĂˇs";"bimaxillĂˇris|kivehetĹ‘ bi|aktivĂˇtor|bimax orto"
"Hyrax (gyors palatum expander)";"FogszabĂˇlyozĂˇs";"hyrax|RPE|gyors expander|palatum tĂˇgĂ­tĂˇs"
"Quadhelix (sima gyĹ±rĹ±kkel)";"FogszabĂˇlyozĂˇs";"quadhelix|qhx|kvadhelix"
"Quadhelix (MB gyĹ±rĹ±kkel)";"FogszabĂˇlyozĂˇs";"quadhelix MB|kvadhelix bracket gyĹ±rĹ±"
"BWS (Bonded Wire Splint, 1 fogĂ­v)";"FogszabĂˇlyozĂˇs";"BWS|bonded wire splint|ragasztott drĂłt sĂ­n"
"D-Gainer";"FogszabĂˇlyozĂˇs";"d-gainer|distalizĂˇlĂł orto kĂ©szĂĽlĂ©k"
"Delaire maszk";"FogszabĂˇlyozĂˇs";"delaire|fej-arc orto|FaceMask"
"FerdesĂ­k";"FogszabĂˇlyozĂˇs";"ferdesĂ­k|inclined plane|harapĂˇs emelĹ‘ ferde"
"FerdesĂ­k levĂˇgĂˇsa";"FogszabĂˇlyozĂˇs";"ferdesĂ­k eltĂˇvolĂ­tĂˇs|inclined plane removal"
"Lingual Ă­v / TPA / Goshgarian";"FogszabĂˇlyozĂˇs";"lingual Ă­v|TPA|trans palatal arch|Goshgarian"
"MyofunkcionĂˇlis kĂ©szĂĽlĂ©k (ĂˇltalĂˇnos)";"FogszabĂˇlyozĂˇs";"myo kĂ©szĂĽlĂ©k|myofunctional appliance|izomtorna kĂ©szĂĽlĂ©k"
"Myobrace kĂ©szĂĽlĂ©k (B/I/J/K/MBA/T)";"FogszabĂˇlyozĂˇs";"myobrace|MRC|preorto kĂ©szĂĽlĂ©k"
"Powerguard sorozat";"FogszabĂˇlyozĂˇs";"powerguard|MRC powerguard"
"Infant trainer (3 Ă©ves kortĂłl)";"FogszabĂˇlyozĂˇs";"infant trainer|MRC infant|kisgyermek trainer"
"Lipp trainer";"FogszabĂˇlyozĂˇs";"lipp trainer|ajaktrĂ©ner|lip trainer"
"Myolay harapĂˇsemelĹ‘";"FogszabĂˇlyozĂˇs";"myolay|harapĂˇsemelĹ‘ myo"
"MikroimplantĂˇtum fogszabĂˇlyozĂˇsi cĂ©lra (TAD)";"FogszabĂˇlyozĂˇs";"TAD|temporary anchorage device|mini-implantĂˇtum orto"
"MikroimplantĂˇtumon elhorgonyzott kĂ©szĂĽlĂ©k (egyedi)";"FogszabĂˇlyozĂˇs";"TAD-elhorgonyzott|mini-implantĂˇtum kĂ©szĂĽlĂ©k"
"RĂ¶gzĂ­tett fĂ©m kĂ©szĂĽlĂ©k 1 fogĂ­v (nem Ă¶nligĂ­rozĂł)";"FogszabĂˇlyozĂˇs";"fĂ©m bracket nem Ă¶nligĂ­rozĂł|MBT|Roth fix|hagyomĂˇnyos bracket"
"RĂ¶gzĂ­tett fĂ©m kĂ©szĂĽlĂ©k 1 fogĂ­v (Ă¶nligĂ­rozĂł)";"FogszabĂˇlyozĂˇs";"Ă¶nligĂ­rozĂł fĂ©m|self-ligating|Damon|H4|fix Ă¶nligĂ­rozĂł"
"RĂ¶gzĂ­tett esztĂ©tikus kĂ©szĂĽlĂ©k 1 fogĂ­v (nem Ă¶nligĂ­rozĂł)";"FogszabĂˇlyozĂˇs";"porcelĂˇn bracket nem Ă¶nligĂ­rozĂł|esztĂ©tikus fix|kerĂˇmia bracket"
"RĂ¶gzĂ­tett esztĂ©tikus kĂ©szĂĽlĂ©k 1 fogĂ­v (Ă¶nligĂ­rozĂł)";"FogszabĂˇlyozĂˇs";"porcelĂˇn Ă¶nligĂ­rozĂł|esztĂ©tikus self-ligating|Damon Clear"
"LingvĂˇlis rĂ¶gzĂ­tett kĂ©szĂĽlĂ©k (1 fogĂ­v)";"FogszabĂˇlyozĂˇs";"lingual fix|incognito|lingual orto|nyelv felĂ¶li kĂ©szĂĽlĂ©k"
"Bracket visszaragasztĂˇs (fĂ©m, db)";"FogszabĂˇlyozĂˇs";"bracket vissza|rebonding fĂ©m|bracket rebond"
"Bracket visszaragasztĂˇs (esztĂ©tikus, db)";"FogszabĂˇlyozĂˇs";"bracket vissza esztĂ©tikus|rebonding porcelĂˇn"
"Bracket pĂłtlĂˇs (elveszett fĂ©m bracket)";"FogszabĂˇlyozĂˇs";"Ăşj bracket|bracket pĂłtlĂˇs fĂ©m|lost bracket replacement"
"Bracket pĂłtlĂˇs (elveszett porcelĂˇn bracket)";"FogszabĂˇlyozĂˇs";"Ăşj bracket porcelĂˇn|bracket pĂłtlĂˇs esztĂ©tikus"
"ĂŤvcsere Ă­venkĂ©nt (fĂ©m)";"FogszabĂˇlyozĂˇs";"Ă­vcsere|wire change|ortodonciai Ă­v"
"ĂŤvcsere Ă­venkĂ©nt (esztĂ©tikus kĂ©szĂĽlĂ©knĂ©l)";"FogszabĂˇlyozĂˇs";"esztĂ©tikus Ă­vcsere|coated wire change|epoxy wire"
"ĂŤv Ă©s gumicsere (1 fogĂ­v)";"FogszabĂˇlyozĂˇs";"Ă­v+gumi 1|teljes csere 1 Ă­v"
"ĂŤv Ă©s gumicsere (2 fogĂ­v)";"FogszabĂˇlyozĂˇs";"Ă­v+gumi 2|teljes csere 2 Ă­v"
"Gumicsere (1 fogĂ­v, nem Ă¶nligĂ­rozĂł)";"FogszabĂˇlyozĂˇs";"gumicsere|ligature change|elastic change"
"Kontroll - rĂ¶gzĂ­tett kĂ©szĂĽlĂ©kkel";"FogszabĂˇlyozĂˇs";"orto kontroll fix|fix kontroll|adjustment fix"
"Kontroll - kivehetĹ‘ kĂ©szĂĽlĂ©kkel (1 kĂ©szĂĽlĂ©k)";"FogszabĂˇlyozĂˇs";"orto kontroll kivehetĹ‘|aktivĂˇlĂˇs kivehetĹ‘ 1"
"Kontroll - kivehetĹ‘ kĂ©szĂĽlĂ©kkel (2 kĂ©szĂĽlĂ©k)";"FogszabĂˇlyozĂˇs";"orto kontroll bimax|aktivĂˇlĂˇs bimax"
"Kontroll - kĂ©szĂĽlĂ©k nĂ©lkĂĽl";"FogszabĂˇlyozĂˇs";"orto kontroll nincs kĂ©szĂĽlĂ©k|monitoring"
"Kontroll - sĂ­nes terĂˇpia (Invisalign/aligner)";"FogszabĂˇlyozĂˇs";"aligner kontroll|invisalign kontroll|sĂ­n kontroll"
"SĂ­nes fogszabĂˇlyozĂˇs - Quick (~12 sĂ­n)";"FogszabĂˇlyozĂˇs";"aligner quick|sĂ­n quick|short aligner|invisalign express"
"SĂ­nes fogszabĂˇlyozĂˇs - Simple (~22 sĂ­n)";"FogszabĂˇlyozĂˇs";"aligner simple|sĂ­n simple|aligner lite"
"SĂ­nes fogszabĂˇlyozĂˇs - Complex (~48 sĂ­n)";"FogszabĂˇlyozĂˇs";"aligner complex|sĂ­n complex|invisalign comprehensive"
"SĂ­nes fogszabĂˇlyozĂˇs - Pro (~68 sĂ­n)";"FogszabĂˇlyozĂˇs";"aligner pro|sĂ­n pro|invisalign full"
"SĂ­nes fogszabĂˇlyozĂˇs - Unlimited (komplex)";"FogszabĂˇlyozĂˇs";"aligner unlimited|sĂ­n korlĂˇtlan"
"SĂ­nes fogszabĂˇlyozĂˇs - tervezĂ©si dĂ­j";"FogszabĂˇlyozĂˇs";"aligner tervezĂ©s|sĂ­n tervezĂ©si dĂ­j|setup dĂ­j"
"Attachment ragasztĂˇs (fogankĂ©nt)";"FogszabĂˇlyozĂˇs";"attachment ragasztĂˇs|atch|invisalign attachment"
"Attachment levĂ©tel (fogankĂ©nt)";"FogszabĂˇlyozĂˇs";"attachment levĂ©tel|atch eltĂˇvolĂ­tĂˇs"
"IPR (interproximĂˇlis redukciĂł)";"FogszabĂˇlyozĂˇs";"IPR|stripping|interproximalis redukciĂł"
"Fix retainer (1 fogĂ­v)";"FogszabĂˇlyozĂˇs";"fix retainer|kĂ¶tĂ¶tt retainer|lingual retainer|drĂłt retainer"
"Smilezor fix retainer";"FogszabĂˇlyozĂˇs";"smilezor retainer|sz retainer fix"
"Fix retainer csere (1 fogĂ­v)";"FogszabĂˇlyozĂˇs";"retainer csere|fix retainer csere"
"Fix retainer javĂ­tĂˇs";"FogszabĂˇlyozĂˇs";"retainer javĂ­tĂˇs|drĂłt retainer javĂ­tĂˇs"
"Vivera retainer (1 fogĂ­v)";"FogszabĂˇlyozĂˇs";"vivera 1|invisalign retainer 1|essix retainer 1"
"Vivera retainer (2 fogĂ­v)";"FogszabĂˇlyozĂˇs";"vivera 2|invisalign retainer 2|essix retainer 2"
"KivehetĹ‘ retainer (1 fogĂ­v, vacuformed)";"FogszabĂˇlyozĂˇs";"essix|vacuum formed retainer|kivehetĹ‘ retainer"
"KĂ©szĂĽlĂ©k eltĂˇvolĂ­tĂˇsa (1 fogĂ­v)";"FogszabĂˇlyozĂˇs";"debonding|debond 1|fix levĂ©tel"
"RĂ¶gzĂ­tett kĂ©szĂĽlĂ©k levĂ©tele + retenciĂłs kĂ©szĂĽlĂ©k (1 fogĂ­v)";"FogszabĂˇlyozĂˇs";"debond + retainer|fix levĂ©tel + vivera|debond Ă©s retainer ĂˇtadĂˇs"
"SĂ­n ĂˇtadĂˇs";"FogszabĂˇlyozĂˇs";"aligner ĂˇtadĂˇs|sĂ­n delivery"
"PĂˇciens orto viasz";"FogszabĂˇlyozĂˇs";"orto viasz|wax|bracket viasz"
"TejfoghĂşzĂˇs (orto cĂ©lzott)";"FogszabĂˇlyozĂˇs";"orto cĂ©lĂş tejfoghĂşzĂˇs|seriĂˇlis extrakciĂł"
"StabilizĂˇciĂłs (Michigan) sĂ­n";"HarapĂˇsemelĹ‘k, sĂ­nek, fogvĂ©dĹ‘k";"Michigan sĂ­n|stabilizĂˇciĂłs sĂ­n|stab sĂ­n|occlusal splint"
"StabilizĂˇciĂłs sĂ­n ĂşjraadaptĂˇlĂˇsa";"HarapĂˇsemelĹ‘k, sĂ­nek, fogvĂ©dĹ‘k";"sĂ­n ĂşjraadaptĂˇlĂˇs|sĂ­n csiszolĂˇs|splint adjustment"
"NTI-tss harapĂˇsemelĹ‘";"HarapĂˇsemelĹ‘k, sĂ­nek, fogvĂ©dĹ‘k";"NTI|NTI-tss|mini harapĂˇsemelĹ‘|anterior bite plane"
"NTI kontroll";"HarapĂˇsemelĹ‘k, sĂ­nek, fogvĂ©dĹ‘k";"NTI kontroll|NTI adjustment"
"EgyĂ©ni harapĂˇsemelĹ‘ kĂ©szĂ­tĂ©se (1 hĂłnap kĂ¶vetĂ©ssel)";"HarapĂˇsemelĹ‘k, sĂ­nek, fogvĂ©dĹ‘k";"egyĂ©ni harapĂˇsemelĹ‘|custom bite raiser"
"Lions horkolĂˇsgĂˇtlĂł kĂ©szĂĽlĂ©k";"HarapĂˇsemelĹ‘k, sĂ­nek, fogvĂ©dĹ‘k";"lions|horkolĂˇsgĂˇtlĂł|MAD|mandibular advancement"
"Silensor horkolĂˇsgĂˇtlĂł";"HarapĂˇsemelĹ‘k, sĂ­nek, fogvĂ©dĹ‘k";"silensor|horkolĂˇs silensor|sleep apnoe kĂ©szĂĽlĂ©k"
"TMJ-MBV horkolĂˇsgĂˇtlĂł";"HarapĂˇsemelĹ‘k, sĂ­nek, fogvĂ©dĹ‘k";"TMJ MBV|MBV kĂ©szĂĽlĂ©k|TMJ horkolĂˇsgĂˇtlĂł"
"TMJ-BDS kĂ©szĂĽlĂ©k";"HarapĂˇsemelĹ‘k, sĂ­nek, fogvĂ©dĹ‘k";"TMJ BDS|BDS kĂ©szĂĽlĂ©k"
"Myosa S2 (TMJ MBV horkolĂˇsgĂˇtlĂł 2. fĂˇzis)";"HarapĂˇsemelĹ‘k, sĂ­nek, fogvĂ©dĹ‘k";"myosa s2|tmj mbv 2"
"SportolĂłi fogvĂ©dĹ‘ (Playsafe)";"HarapĂˇsemelĹ‘k, sĂ­nek, fogvĂ©dĹ‘k";"sport fogvĂ©dĹ‘|mouthguard|playsafe|sportolĂłi vĂ©dĹ‘"
"SportolĂłi fogvĂ©dĹ‘ (heavy-pro)";"HarapĂˇsemelĹ‘k, sĂ­nek, fogvĂ©dĹ‘k";"playsafe heavy pro|professzionĂˇlis sportfogvĂ©dĹ‘"
"Bruxizmus elleni sĂ­n";"HarapĂˇsemelĹ‘k, sĂ­nek, fogvĂ©dĹ‘k";"bruxizmus sĂ­n|night guard|fogcsikorgatĂł sĂ­n"
"MĹ±anyag bemarĂłs sĂ­n";"HarapĂˇsemelĹ‘k, sĂ­nek, fogvĂ©dĹ‘k";"bemarĂłs sĂ­n|tĂ©nyezĹ‘s sĂ­n|deprogrammĂˇlĂł sĂ­n"
"FogszorĂ­tĂˇs terĂˇpia (komplex csomag)";"HarapĂˇsemelĹ‘k, sĂ­nek, fogvĂ©dĹ‘k";"fogszorĂ­tĂˇs|clenching terĂˇpia|TMJ csomag"
"KiegĂ©szĂ­tĹ‘ sĂ­n 1 fogĂ­vre";"HarapĂˇsemelĹ‘k, sĂ­nek, fogvĂ©dĹ‘k";"kiegĂ©szĂ­tĹ‘ sĂ­n|secondary splint"
"CsontpĂłtlĂł anyag (xenogĂ©n) - 0.25 g";"Anyagok Ă©s felszerelĂ©sek";"xenogĂ©n csontpĂłtlĂł 0.25g|Cerabone 0.25|Bio-Oss kis|Xenogain 0.25"
"CsontpĂłtlĂł anyag (xenogĂ©n) - 0.5 g";"Anyagok Ă©s felszerelĂ©sek";"xenogĂ©n csontpĂłtlĂł 0.5g|Cerabone 0.5|Bio-Oss 0.5|Xenogain 0.5"
"CsontpĂłtlĂł anyag (xenogĂ©n) - 1 g";"Anyagok Ă©s felszerelĂ©sek";"xenogĂ©n csontpĂłtlĂł 1g|Cerabone 1g|Bio-Oss 1g|Xenogain 1g"
"CsontpĂłtlĂł anyag (xenogĂ©n) - 2 g";"Anyagok Ă©s felszerelĂ©sek";"xenogĂ©n csontpĂłtlĂł 2g|Cerabone 2g|Bio-Oss 2g|Xenogain 2g"
"CsontpĂłtlĂł anyag (allogĂ©n)";"Anyagok Ă©s felszerelĂ©sek";"allogĂ©n csontpĂłtlĂł|maxgraft|allograft"
"CsontpĂłtlĂł anyag (alloplasztikus / szintetikus)";"Anyagok Ă©s felszerelĂ©sek";"alloplasztikus csontpĂłtlĂł|bĂ©ta-TCP|hidroxiapatit szintetikus"
"FelszĂ­vĂłdĂł kollagĂ©n membrĂˇn - kis (15x20 mm)";"Anyagok Ă©s felszerelĂ©sek";"BioGide kis|Xenoprotect 15x20|kollagĂ©n membrĂˇn kis|Mucoderm 15x20"
"FelszĂ­vĂłdĂł kollagĂ©n membrĂˇn - kĂ¶zepes (25x30 mm)";"Anyagok Ă©s felszerelĂ©sek";"kollagĂ©n membrĂˇn 25x30|Xenoprotect 25x30"
"FelszĂ­vĂłdĂł kollagĂ©n membrĂˇn - nagy (30x40 mm)";"Anyagok Ă©s felszerelĂ©sek";"BioGide 30x40|Xenoprotect 30x40|kollagĂ©n membrĂˇn nagy"
"Nem-felszĂ­vĂłdĂł membrĂˇn (titĂˇn-merevĂ­tĂ©sĹ±)";"Anyagok Ă©s felszerelĂ©sek";"Cytoplast|titĂˇn erĹ‘sĂ­tett membrĂˇn|nem felszĂ­vĂłdĂł membrĂˇn|PTFE membrĂˇn"
"LĂˇgyszĂ¶vet pĂłtlĂł anyag - kis";"Anyagok Ă©s felszerelĂ©sek";"Mucograft kis|Mucoderm 15x20|soft tissue graft kis"
"LĂˇgyszĂ¶vet pĂłtlĂł anyag - kĂ¶zepes (20x30)";"Anyagok Ă©s felszerelĂ©sek";"Mucoderm 20x30|Mucograft kĂ¶zepes"
"LĂˇgyszĂ¶vet pĂłtlĂł anyag - nagy (30x40)";"Anyagok Ă©s felszerelĂ©sek";"Mucoderm 30x40|Mucograft nagy"
"Mucoderm Punch (Ă­ny graft)";"Anyagok Ă©s felszerelĂ©sek";"mucoderm punch|punch graft"
"TitĂˇn csavar (membrĂˇnrĂ¶gzĂ­tĂ©shez, db)";"Anyagok Ă©s felszerelĂ©sek";"membrĂˇn csavar|titĂˇn pin|tack screw|fixĂˇlĂł csavar"
"3D titĂˇnhĂˇlĂł";"Anyagok Ă©s felszerelĂ©sek";"3D titĂˇnhĂˇlĂł|titanium mesh|customized titanium mesh"
"SebzĂˇrĂł kollagĂ©n anyag (Lyostypt)";"Anyagok Ă©s felszerelĂ©sek";"Lyostypt|kollagĂ©n szivacs|hemostatic collagen"
"Emdogain anyagdĂ­j";"Anyagok Ă©s felszerelĂ©sek";"Emdogain anyag|EMD anyag"
"ImplantĂˇtum (premium - Nobel)";"Anyagok Ă©s felszerelĂ©sek";"Nobel implantĂˇtum|NobelActive|NobelParallel|NobelReplace"
"ImplantĂˇtum (premium - Straumann)";"Anyagok Ă©s felszerelĂ©sek";"Straumann|SLA|SLActive|BLT|BLX"
"ImplantĂˇtum (kĂ¶zĂ©p-kategĂłria, AlphaBio)";"Anyagok Ă©s felszerelĂ©sek";"alphabio|AlphaBio implantĂˇtum"
"ImplantĂˇtum (kĂ¶zĂ©p-kategĂłria, Dentium)";"Anyagok Ă©s felszerelĂ©sek";"dentium|Dentium SuperLine"
"ImplantĂˇtum (kĂ¶zĂ©p-kategĂłria, MIS / Bionika)";"Anyagok Ă©s felszerelĂ©sek";"MIS|Bionika|hazai implantĂˇtum"
"Cirkon implantĂˇtum (Nobel Pearl)";"Anyagok Ă©s felszerelĂ©sek";"Nobel Pearl|cirkon implantĂˇtum"
"ImplantĂˇtum karbonszĂˇlas ĂˇtmenĹ‘csavar (Nobel Pearl)";"Anyagok Ă©s felszerelĂ©sek";"karbon szĂˇlas csavar|Nobel Pearl connector"
"On1 Base CC Xeal (Nobel)";"Anyagok Ă©s felszerelĂ©sek";"On1 base|Nobel On1"
"3D nyomtatott mĹ±tĂ©ti sablon";"Anyagok Ă©s felszerelĂ©sek";"surgical guide|fĂşrĂłsablon|drill guide|3D printed guide"
"AnyagkĂ¶ltsĂ©g (egyĂ©b tĂ©tel)";"Anyagok Ă©s felszerelĂ©sek";"anyagkĂ¶ltsĂ©g|anyagdĂ­j|materials"
"EgyĂ©b termĂ©k/anyag (manuĂˇlis)";"Anyagok Ă©s felszerelĂ©sek";"egyĂ©b anyag|misc material"
"5460-as fogkefe (1 db)";"Anyagok Ă©s felszerelĂ©sek";"Curaprox 5460|ultra puha fogkefe|sensitive fogkefe"
"Curaprox 5460 fogkefe (3 db-os)";"Anyagok Ă©s felszerelĂ©sek";"Curaprox 5460 csomag|fogkefe 3 db"
"EgycsomĂłs fogkefe";"Anyagok Ă©s felszerelĂ©sek";"egycsomĂłs|single tuft|Genius|Curaprox CS 1006"
"SzĂˇjsebĂ©szeti fogkefe";"Anyagok Ă©s felszerelĂ©sek";"posztop fogkefe|surgical toothbrush"
"FogkĂ¶ztisztĂ­tĂł kefe (db)";"Anyagok Ă©s felszerelĂ©sek";"fogkĂ¶ztisztĂ­tĂł|interdental brush|prime"
"FogkĂ¶ztisztĂ­tĂł kefe (5 db + 2 nyĂ©l)";"Anyagok Ă©s felszerelĂ©sek";"fogkĂ¶ztisztĂ­tĂł csomag|prime csomag"
"FogkĂ¶ztisztĂ­tĂł nyĂ©l (fĂ©m)";"Anyagok Ă©s felszerelĂ©sek";"fogkĂ¶ztisztĂ­tĂł nyĂ©l|prime holder|interdental holder"
"Superfloss fogselyem";"Anyagok Ă©s felszerelĂ©sek";"superfloss|implant fogselyem|hĂ­d fogselyem"
"Ultrafloss fogselyem";"Anyagok Ă©s felszerelĂ©sek";"ultrafloss|sĹ±rĹ± fogselyem"
"Fogselyem (gyĂˇri villa)";"Anyagok Ă©s felszerelĂ©sek";"floss villa|fogselyem villa|floss pick"
"PlakkfestĹ‘ tabletta (4 db)";"Anyagok Ă©s felszerelĂ©sek";"plakkfesto 4|disclosing tablet 4"
"PlakkfestĹ‘ tabletta (12 db)";"Anyagok Ă©s felszerelĂ©sek";"plakkfestĹ‘ 12|disclosing tablet 12"
"Curasept Ă¶blĂ¶getĹ‘";"Anyagok Ă©s felszerelĂ©sek";"curasept|CHX szĂˇjvĂ­z|klĂłrhexidin szĂˇjvĂ­z"
"Curasept perio";"Anyagok Ă©s felszerelĂ©sek";"curasept perio|CHX perio Ă¶blĂ¶getĹ‘"
"Curasept implant";"Anyagok Ă©s felszerelĂ©sek";"curasept implant|implantĂˇtum Ă¶blĂ¶getĹ‘"
"Tooth Mousse termĂ©k";"Anyagok Ă©s felszerelĂ©sek";"tooth mousse|MI Paste|CPP-ACP krĂ©m"
"GengigĂ©l";"Anyagok Ă©s felszerelĂ©sek";"gengigel|Ă­ny gel|hyaluronic gel"
"GengigĂ©l Teething";"Anyagok Ă©s felszerelĂ©sek";"gengigel teething|fogzĂˇsi gĂ©l"
"ADS gĂ©l fogkrĂ©m";"Anyagok Ă©s felszerelĂ©sek";"ADS|ADS gĂ©l fogkrĂ©m|sensitivity fogkrĂ©m"
"NyelvtisztĂ­tĂł (2 db)";"Anyagok Ă©s felszerelĂ©sek";"nyelvtisztĂ­tĂł|tongue cleaner"
"SzĂˇjzuhany pĂłtfej";"Anyagok Ă©s felszerelĂ©sek";"szĂˇjzuhany pĂłtfej|waterpik fej|oral irrigator tip"
"Waterpik szĂˇjzuhany (Classic)";"Anyagok Ă©s felszerelĂ©sek";"WP70|waterpik classic|waterpik vezetĂ©kes"
"Waterpik Ultra szĂˇjzuhany";"Anyagok Ă©s felszerelĂ©sek";"waterpik ultra|waterpik felsĹ‘ kategĂłria"
"Waterpik Traveler szĂˇjzuhany";"Anyagok Ă©s felszerelĂ©sek";"waterpik traveler|Ăşti waterpik"
"Waterpik for Kids";"Anyagok Ă©s felszerelĂ©sek";"waterpik for kids|gyermek szĂˇjzuhany"
"Oral-B elektromos fogkefe";"Anyagok Ă©s felszerelĂ©sek";"Oral-B|elektromos fogkefe"
"Oral-B pĂłtfej (4 db-os)";"Anyagok Ă©s felszerelĂ©sek";"Oral-B pĂłtfej csomag|brush head csomag"
"PĂˇciens tĂĽkĂ¶r";"Anyagok Ă©s felszerelĂ©sek";"tĂĽkĂ¶r|kĂ©zi tĂĽkĂ¶r|hand mirror"
"LogopĂ©diai vizsgĂˇlat (elsĹ‘ felmĂ©rĂ©s)";"LogopĂ©dia Ă©s myofunkcionĂˇlis";"logopĂ©diai vizsgĂˇlat|logopĂ©dia elsĹ‘|speech assessment"
"LogopĂ©diai kontroll";"LogopĂ©dia Ă©s myofunkcionĂˇlis";"logopĂ©diai kontroll|speech follow-up"
"LogopĂ©diai terĂˇpia (alkalmankĂ©nt)";"LogopĂ©dia Ă©s myofunkcionĂˇlis";"logopĂ©diai terĂˇpia|speech therapy"
"LogopĂ©diai terĂˇpia testvĂ©rek (2 fĹ‘)";"LogopĂ©dia Ă©s myofunkcionĂˇlis";"logopĂ©dia testvĂ©r|speech therapy siblings"
"MyofunkcionĂˇlis szakvizsgĂˇlat";"LogopĂ©dia Ă©s myofunkcionĂˇlis";"myofunkcionĂˇlis vizsgĂˇlat|MFT|izomfunkciĂł vizsgĂˇlat"
"MyofunkcionĂˇlis tanĂˇcsadĂˇs";"LogopĂ©dia Ă©s myofunkcionĂˇlis";"MFT tanĂˇcsadĂˇs|myo tanĂˇcsadĂˇs"
"MyofunkcionĂˇlis kontroll (szemĂ©lyes)";"LogopĂ©dia Ă©s myofunkcionĂˇlis";"myo kontroll|izomfunkciĂł kontroll"
"MyofunkcionĂˇlis kontroll (Skype/Zoom)";"LogopĂ©dia Ă©s myofunkcionĂˇlis";"online myo kontroll|tĂˇvkontroll myo"
"Myochew (rĂˇgĂłizom edzĹ‘)";"LogopĂ©dia Ă©s myofunkcionĂˇlis";"myochew|chewing trainer"
"Myoclean tisztĂ­tĂłtabletta (12 db / 24 db)";"LogopĂ©dia Ă©s myofunkcionĂˇlis";"myoclean|trainer tisztĂ­tĂł tabletta"
"Myotalea TLJ kĂ©szĂĽlĂ©k";"LogopĂ©dia Ă©s myofunkcionĂˇlis";"myotalea|TLJ"
"RĂˇgĂłizomrelaxĂˇciĂł ergonĂłmiai szaktanĂˇcsadĂˇs";"LogopĂ©dia Ă©s myofunkcionĂˇlis";"rĂˇgĂłizom relaxĂˇciĂł|ergonĂłmia tanĂˇcsadĂˇs"
"ĂŤrĂˇsos Ă¶sszefoglalĂł rĂˇgĂłizom relaxĂˇciĂłhoz";"LogopĂ©dia Ă©s myofunkcionĂˇlis";"rĂˇgĂłizom Ă­rĂˇsos|relaxĂˇciĂł dokumentĂˇciĂł"
"DĂ­jmentes kontroll";"Ă�ltalĂˇnos tĂ©telek";"dĂ­jmentes kontroll|free recall|ingyenes kontroll"
"DĂ­jmentes konzultĂˇciĂł";"Ă�ltalĂˇnos tĂ©telek";"dĂ­jmentes konzultĂˇciĂł|ingyenes konzultĂˇciĂł"
"KĂ©sĹ‘i lemondĂˇsi dĂ­j";"Ă�ltalĂˇnos tĂ©telek";"lemondĂˇsi dĂ­j|no-show dĂ­j|kĂ©sĹ‘i lemondĂˇs"
"KĂ©szenlĂ©ti dĂ­j (30 perc)";"Ă�ltalĂˇnos tĂ©telek";"kĂ©szenlĂ©ti|standby|on-call dĂ­j"
"EgyĂ©b dokumentĂˇciĂł elkĂ©szĂ­tĂ©se pĂˇciens kĂ©rĂ©sĂ©re";"Ă�ltalĂˇnos tĂ©telek";"egyĂ©b dokumentĂˇciĂł|kustom dokumentĂˇciĂł|igazolĂˇs"
"PĂ©nzvisszafizetĂ©s";"Ă�ltalĂˇnos tĂ©telek";"refund|pĂ©nzvisszafizetĂ©s"
"KorĂˇbbi tĂşlfizetĂ©s korrekciĂłja";"Ă�ltalĂˇnos tĂ©telek";"tĂşlfizetĂ©s korrekciĂł|overpayment correction"
"SzĂˇllĂ­tĂˇsi dĂ­j / csomagfeladĂˇs";"Ă�ltalĂˇnos tĂ©telek";"szĂˇllĂ­tĂˇsi dĂ­j|csomagfeladĂˇs|posta dĂ­j"
"EgyĂ©b tĂ©tel (manuĂˇlis)";"Ă�ltalĂˇnos tĂ©telek";"egyĂ©b|other|manuĂˇlis tĂ©tel"
"CsalĂˇdtag kedvezmĂ©ny (20%)";"Ă�ltalĂˇnos tĂ©telek";"csalĂˇdi kedvezmĂ©ny|family discount 20"
"TestvĂ©rkedvezmĂ©ny (50%)";"Ă�ltalĂˇnos tĂ©telek";"testvĂ©r kedvezmĂ©ny|sibling discount 50"
"DolgozĂłi kedvezmĂ©ny (20%)";"Ă�ltalĂˇnos tĂ©telek";"dolgozĂłi kedvezmĂ©ny|staff discount 20"
"Eseti kedvezmĂ©ny (5%)";"Ă�ltalĂˇnos tĂ©telek";"eseti 5|alkalmi kedvezmĂ©ny 5"
"Eseti kedvezmĂ©ny (10%)";"Ă�ltalĂˇnos tĂ©telek";"eseti 10|alkalmi kedvezmĂ©ny 10"
"Eseti kedvezmĂ©ny (20%)";"Ă�ltalĂˇnos tĂ©telek";"eseti 20|alkalmi kedvezmĂ©ny 20"
"Eseti kedvezmĂ©ny (25%)";"Ă�ltalĂˇnos tĂ©telek";"eseti 25|alkalmi kedvezmĂ©ny 25"
"Eseti kedvezmĂ©ny (50%)";"Ă�ltalĂˇnos tĂ©telek";"eseti 50|alkalmi kedvezmĂ©ny 50"
"Eseti kedvezmĂ©ny (100% / tĂ©rĂ­tĂ©smentes)";"Ă�ltalĂˇnos tĂ©telek";"eseti 100|tĂ©rĂ­tĂ©smentes|gesture goodwill"
"Marketing kedvezmĂ©ny (videĂł beleegyezĂ©sĂ©rt)";"Ă�ltalĂˇnos tĂ©telek";"marketing kedvezmĂ©ny|videĂł beleegyezĂ©s kedvezmĂ©ny"
"Lenyomati dĂ­j elĹ‘refizetve";"Ă�ltalĂˇnos tĂ©telek";"lenyomati elĹ‘leg|impression deposit"
"Garancia visszafizetĂ©s (NTI/Silensor stb.)";"Ă�ltalĂˇnos tĂ©telek";"garancia visszafizetĂ©s|warranty refund"
"NOGAG hĂˇnyinger elleni por (5 db)";"Ă�ltalĂˇnos tĂ©telek";"nogag|hĂˇnyinger elleni por|antiemetic powder"
