Név;Kategória;Aliasok
"Első komplex fogorvosi vizsgálat";"Vizsgálat és diagnosztika";"első vizsgálat|komplex vizsgálat|st.praes.|stomatológiai vizsgálat|fogászati alapvizsgálat"
"Kontroll vizsgálat (15 perc)";"Vizsgálat és diagnosztika";"kontroll|kontroll 15|rövid kontroll|recall"
"Kontroll vizsgálat (30 perc)";"Vizsgálat és diagnosztika";"kontroll 30|hosszú kontroll"
"Sürgősségi vizsgálat";"Vizsgálat és diagnosztika";"akut|sürgősségi|ügyeleti|fájdalom miatti vizsgálat"
"Konzultáció (15 perc)";"Vizsgálat és diagnosztika";"konz|konzi|rövid konzultáció|tanácsadás"
"Konzultáció (30 perc)";"Vizsgálat és diagnosztika";"konz 30|standard konzultáció"
"Konzultáció (60 perc)";"Vizsgálat és diagnosztika";"konz 60|hosszú konzultáció|részletes konzultáció"
"Online/videó konzultáció";"Vizsgálat és diagnosztika";"online konzi|skype konz|zoom konzultáció|távkonzultáció"
"Második vélemény konzultáció";"Vizsgálat és diagnosztika";"second opinion|véleménykérés|szakorvosi vélemény"
"Ismétlő konzultáció";"Vizsgálat és diagnosztika";"ismétlő konzi|újabb konzultáció|follow-up konzultáció"
"Páciens dokumentáció kiállítása";"Vizsgálat és diagnosztika";"dokumentáció|leírás|kórleírás|orvosi igazolás"
"Szakvélemény kiállítása";"Vizsgálat és diagnosztika";"szakvélemény|igazolás|orvosi szakvélemény"
"Góckutatás (CBCT/OP elemzés alapján)";"Vizsgálat és diagnosztika";"góckutatás|gócvizsgálat|fókuszvizsgálat"
"Vitalitásvizsgálat";"Vizsgálat és diagnosztika";"vitalitás|vitálteszt|hidegteszt|electric pulp test|EPT"
"OP panoráma röntgen";"Vizsgálat és diagnosztika";"OP|panoráma|panorámaröntgen|orthopantomogram|OPG"
"PA fogászati röntgen";"Vizsgálat és diagnosztika";"PA|kis röntgen|periapikális|fogfilm|RTG"
"Bitewing röntgen";"Vizsgálat és diagnosztika";"bitewing|harapási röntgen|szárnyas röntgen"
"CBCT (kis volumenű, fogászati)";"Vizsgálat és diagnosztika";"CBCT|cone beam|3D röntgen|kis CBCT"
"CBCT (nagy volumenű)";"Vizsgálat és diagnosztika";"nagy CBCT|teljes CBCT|nagy térfogatú CBCT"
"Endodonciai CBCT (egy fog, kis volumen)";"Vizsgálat és diagnosztika";"endo CBCT|fókusz CBCT|5x5 CBCT"
"Teleröntgen";"Vizsgálat és diagnosztika";"tele|teleröntgen|kefalometriás|cefalometriás röntgen"
"Sinus röntgen";"Vizsgálat és diagnosztika";"sinus RTG|melléküreg röntgen|orrmelléküreg felvétel"
"CBCT/röntgen kiadása pendrive-on";"Vizsgálat és diagnosztika";"röntgen kiadás|CBCT pendrive|képkiadás"
"Digitális szkennelés (1 fogív)";"Vizsgálat és diagnosztika";"szkennelés|intraorális szken|digitális lenyomat|iTero|TRIOS|Primescan"
"Digitális szkennelés (2 fogív)";"Vizsgálat és diagnosztika";"teljes szkennelés|alsó-felső szken"
"Lenyomatvétel alginátos (egyszerű)";"Vizsgálat és diagnosztika";"alginát lenyomat|tanulmányi lenyomat|preliminary lenyomat"
"Lenyomatvétel precíziós szilikon";"Vizsgálat és diagnosztika";"precíziós lenyomat|szilikon lenyomat|A-szilikon|polivinil sziloxán"
"Lenyomatvétel egyéni kanállal";"Vizsgálat és diagnosztika";"egyéni kanalas|individuális kanál|funkcionális lenyomat"
"Egyéni kanál készítése";"Vizsgálat és diagnosztika";"egyéni kanál|individual tray"
"Harapásrögzítés (alkalmanként)";"Vizsgálat és diagnosztika";"harapás|bite|interocclusal record|harapási regisztráció"
"Arcíves harapásregisztráció";"Vizsgálat és diagnosztika";"arcív|facebow|arcíves bemérés"
"Axiográfos ízületi bemérés";"Vizsgálat és diagnosztika";"axiográf|axiográfia|ízületbemérés|ízületi pálya rögzítés"
"3D nyomtatott modell (db)";"Vizsgálat és diagnosztika";"3D modell|nyomtatott modell|tanulmányi modell"
"Wax-up (felviaszolás, foganként)";"Vizsgálat és diagnosztika";"wax up|felviaszolás|diagnosztikai felviaszolás|tervezési viaszolás"
"Mock-up (vizualizáció szájban, foganként)";"Vizsgálat és diagnosztika";"mock up|vizualizáció|próba szájban|esztétikai próba"
"Vizualizáció rögzítve (hosszútávú próba, foganként)";"Vizsgálat és diagnosztika";"hosszú mock up|tartós vizualizáció|long term mock up"
"Vizualizáció dublírozása (fogívenként)";"Vizsgálat és diagnosztika";"mock up dublírozás|próba másolat"
"Digitális mosolytervezés (DSD)";"Vizsgálat és diagnosztika";"DSD|smile design|mosolytervezés|smiledesign"
"Tasakmérés / parodontális státusz";"Vizsgálat és diagnosztika";"tasakmérés|paro státusz|paroprobálás|szondázás|paro charting"
"Diagnodent lézeres szuvasodásmérés";"Vizsgálat és diagnosztika";"diagnodent|lézeres caries|szuvasodásmérés"
"Sialometria (nyáltermelés vizsgálat)";"Vizsgálat és diagnosztika";"sialometria|nyál|nyáltermelés|nyálmennyiség"
"Genetikai/bakteriológiai paro teszt";"Vizsgálat és diagnosztika";"paro teszt|baktérium teszt|genetikai teszt|PerioSafe"
"PCR teszt";"Vizsgálat és diagnosztika";"PCR|patogén PCR|baktérium PCR"
"Szövettani vizsgálat";"Vizsgálat és diagnosztika";"szövettan|hisztológia|biopszia"
"Lágyrész mintavétel (biopszia)";"Vizsgálat és diagnosztika";"biopszia|mintavétel|lágyrészbiopszia|incisionalis biopszia"
"ICT komputer-vezérelt érzéstelenítés";"Vizsgálat és diagnosztika";"ICT|számítógépes érzéstelenítés|Quick Sleeper|computer assisted anesthesia|CCLAD"
"Infiltrációs érzéstelenítés";"Vizsgálat és diagnosztika";"infiltráció|szúrás|szuri|érzéstelenítés"
"Vezetéses érzéstelenítés";"Vizsgálat és diagnosztika";"mandibuláris blokk|vezetéses|n. alveolaris inferior|alveolaris érzéstelenítés"
"Intraligamentális érzéstelenítés";"Vizsgálat és diagnosztika";"intraligamentális|PDL érzéstelenítés"
"Felszíni anesztézia (gél)";"Vizsgálat és diagnosztika";"felszíni érzéstelenítés|gél|EMLA|topikális anesztézia"
"Tudatos szedáció (Dormicum)";"Vizsgálat és diagnosztika";"szedáció|tudatos szedáció|Dormicum|midazolam"
"Nitrogén-oxidul szedáció (kacaj-gáz)";"Vizsgálat és diagnosztika";"N2O|kacaj-gáz|nitrogén-oxidul|inhalációs szedáció"
"Kezelési terv elkészítése";"Vizsgálat és diagnosztika";"kezelési terv|terápiás terv|treatment plan"
"Árajánlat készítése";"Vizsgálat és diagnosztika";"árajánlat|ajánlat|kalkuláció"
"Szájhigiénés felmérés és tanácsadás (30 perc)";"Dentálhigiénia";"szájhigiéné felmérés|szájhigiénia|tanácsadás|fogmosás oktatás"
"Egyéni szájhigiénés instrukció (gyermek)";"Dentálhigiénia";"gyermek szájhigiéné|gyerek oktatás|fogmosás oktatás gyermek"
"Professzionális UH fogkőeltávolítás (felnőtt)";"Dentálhigiénia";"depurálás|UH|ultrahangos fogkő|scaling|fogkőleszedés"
"Professzionális fogkőeltávolítás (gyermek)";"Dentálhigiénia";"depurálás gyermek|fogkőleszedés gyerek|gyermek scaling"
"Air-flow / Prophy-jet polírozás";"Dentálhigiénia";"airflow|prophy jet|homokfúvó|polírozás|air polishing"
"Air-flow / Prophy-jet polírozás (gyermek)";"Dentálhigiénia";"airflow gyerek|prophy jet gyermek"
"Komplex dentálhigiénés kezelés (UH + Prophy-jet, felnőtt)";"Dentálhigiénia";"DH|komplex DH|fogkő+polírozás|kombinált tisztítás|szájhigi"
"Komplex dentálhigiénés kezelés (gyermek)";"Dentálhigiénia";"DH gyermek|kombinált gyerek|gyermek dentálhigiénia"
"Íny alatti fogkőeltávolítás kvadránsonként";"Dentálhigiénia";"subgingivális depurálás|íny alatti scaling|kvadráns scaling"
"Sonicflex tasakkezelés (teljes fogazat)";"Dentálhigiénia";"sonicflex|paro endo|tasakkezelés|piezo tasak"
"Root planing kvadránsonként";"Dentálhigiénia";"root planing|gyökérfelszín simítás|RP|gyökérsimítás"
"Fluoridálás (Duraphat lakk)";"Dentálhigiénia";"fluor|fluoridálás|Duraphat|fluorid lakk"
"Fluorid ionoforézis";"Dentálhigiénia";"ionoforézis|fluorid ionoforézis"
"Fluor Protector";"Dentálhigiénia";"fluor protector|Ivoclar fluor|UV fluor"
"Tooth Mousse alkalmazás";"Dentálhigiénia";"tooth mousse|CPP-ACP|MI Paste|remineralizáló"
"Plakkfestés és oktatás";"Dentálhigiénia";"plakkfestés|festő tabletta|disclosing tablet"
"Frontfog tömés (1 felszín)";"Konzerváló fogászat";"front 1F|metsző tömés 1F|kompozit front 1F|esztétikus tömés"
"Frontfog tömés (2 felszín)";"Konzerváló fogászat";"front 2F|metsző tömés 2F|kompozit front 2F"
"Frontfog tömés (3 felszín)";"Konzerváló fogászat";"front 3F|metsző tömés 3F|kompozit front 3F|élpótlás+tömés"
"Frontfog tömés (4+ felszín)";"Konzerváló fogászat";"front 4F|metsző tömés 4F|kiterjesztett front tömés"
"Kisőrlő tömés (1 felszín)";"Konzerváló fogászat";"premoláris 1F|kisörlő 1F|kompozit kisőrlő 1F|P1F"
"Kisőrlő tömés (2 felszín)";"Konzerváló fogászat";"premoláris 2F|kisörlő 2F|MOD kisőrlő 2F|P2F"
"Kisőrlő tömés (3+ felszín)";"Konzerváló fogászat";"premoláris 3F|kisörlő 3F|MOD kisőrlő|P3F"
"Nagyőrlő tömés (1 felszín)";"Konzerváló fogászat";"moláris 1F|nagyörlő 1F|kompozit moláris 1F|M1F"
"Nagyőrlő tömés (2 felszín)";"Konzerváló fogászat";"moláris 2F|nagyörlő 2F|MOD moláris 2F|M2F"
"Nagyőrlő tömés (3+ felszín)";"Konzerváló fogászat";"moláris 3F|nagyörlő 3F|MOD moláris|M3F"
"Fognyaki tömés";"Konzerváló fogászat";"V. osztály|cervicalis tömés|fognyak tömés|abráziós tömés"
"Élpótlás (frontfog)";"Konzerváló fogászat";"élpótlás|incisalis pótlás|inciso pótlás"
"Direkt korona (kompozit, foganként)";"Konzerváló fogászat";"direkt korona|kompozit korona|build-up korona"
"Felépítés kompozittal (csap nélkül)";"Konzerváló fogászat";"felépítés|build up|kompozit felépítés|core build up"
"Felépítés rövid üvegszálas kompozittal (everX)";"Konzerváló fogászat";"everX|short fiber|üvegszálas kompozit|biomimetikus felépítés"
"Üvegszálas csap behelyezése";"Konzerváló fogászat";"glass fiber post|üvegszálas csap|fiber post|gyökércsap"
"Csapos felépítés (üvegszálas csap + kompozit)";"Konzerváló fogászat";"csapos felépítés|csap+felépítés|post and core"
"Régi csap eltávolítása";"Konzerváló fogászat";"csap eltávolítás|régi csap eltávolítása|post removal"
"Direkt felépítés injektálásos technikával";"Konzerváló fogászat";"injekciós technika|inject technique|injektálásos|sín alatti kompozit"
"Direkt pulpasapkázás (vitálterápia, frontfog)";"Konzerváló fogászat";"vitálterápia front|direkt pulpa cap front|MTA front"
"Direkt pulpasapkázás (vitálterápia, kisőrlő)";"Konzerváló fogászat";"vitálterápia kisőrlő|direkt pulpa cap premoláris"
"Direkt pulpasapkázás (vitálterápia, nagyőrlő)";"Konzerváló fogászat";"vitálterápia nagyőrlő|direkt pulpa cap moláris"
"Indirekt pulpasapkázás";"Konzerváló fogászat";"indirekt pulpa cap|alábélelés mély szuvasodásnál"
"Alábélelés MTA-val";"Konzerváló fogászat";"MTA alábélelés|MTA|Biodentine"
"Alábélelés Ledermix-szel";"Konzerváló fogászat";"ledermix|kortizonos alábélelés|gyulladáscsillapító alábélelés"
"Ideiglenes tömés (üvegionomer)";"Konzerváló fogászat";"ideiglenes tömés|GIC|üvegionomer|fuji"
"Ideiglenes tömés (Cavit/cinkoxid-eugenol)";"Konzerváló fogászat";"cavit|ZOE|cinkoxid eugenol|ideiglenes lezárás"
"Inlay/Onlay (kompozit)";"Konzerváló fogászat";"kompozit inlay|kompozit onlay|kompozit betét"
"Inlay/Onlay (kerámia, e-max)";"Konzerváló fogászat";"e-max inlay|kerámia inlay|porcelán betét|kerámia onlay"
"Inlay/Onlay (cirkon)";"Konzerváló fogászat";"cirkon inlay|cirkon onlay|zirkónium betét"
"Tömés-csiszolás / korrekció";"Konzerváló fogászat";"korrekció|csiszolás|adjusztálás|polish"
"Mozgófogak ideiglenes sínezése (kompozit)";"Konzerváló fogászat";"sínezés|kompozit sín|mobilis fog rögzítés|temporary splint"
"Mozgófogak sínezése merevítőrosttal (Ribbond/Everstick)";"Konzerváló fogászat";"ribbond|everstick|fiber splint|merevítőrostos sínezés|Transmularis"
"Kihúzott fog visszaragasztása sínezéssel";"Konzerváló fogászat";"saját fog visszaragasztás|reimplantáció kompozittal|kihúzott fog pótlás"
"Kofferdam izolálás";"Konzerváló fogászat";"kofferdam|gumikendő|izolálás|rubber dam"
"Mikroszkópos diagnosztika (repedés/álút)";"Konzerváló fogászat";"mikroszkóp diag|repedéskeresés|álút keresés|operating microscope diag"
"Mikroszkópos kiegészítő kezelés preparáláshoz";"Konzerváló fogászat";"mikroszkóp prepa|magnification|preparálás mikroszkóppal"
"Diagnosztikus direkt héj (Mock-up szájban, foganként)";"Konzerváló fogászat";"mock up szájban|próba kompozittal|tervezési héj"
"Trepanálás (megnyitás)";"Endodoncia";"trepanálás|access opening|fogmegnyitás|kavitás kialakítás"
"Pulpektómia (élő pulpa eltávolítás)";"Endodoncia";"pulpektómia|pulp extirpation|élő ideg eltávolítás"
"Pulpotomia";"Endodoncia";"pulpotomia|pulp amputation|részleges pulpa eltávolítás"
"Gyökérkezelés első kezelés - 1 csatorna (frontfog)";"Endodoncia";"gyökérkezelés front|GYK 1 csat|RC 1 channel|root canal front|frontfog gyk"
"Gyökérkezelés első kezelés - 2 csatorna (kisőrlő)";"Endodoncia";"gyökérkezelés kisőrlő|GYK 2 csat|RC 2 channel|kisőrlő gyk"
"Gyökérkezelés első kezelés - 3 csatorna (nagyőrlő)";"Endodoncia";"gyökérkezelés nagyőrlő 3|GYK 3 csat|moláris gyk 3"
"Gyökérkezelés első kezelés - 4 csatorna (nagyőrlő)";"Endodoncia";"gyökérkezelés nagyőrlő 4|GYK 4 csat|moláris gyk 4|MB2"
"Gyökértömés - 1 csatorna (frontfog)";"Endodoncia";"gyökértömés front|GYT 1 csat|root filling 1|frontfog GYT"
"Gyökértömés - 2 csatorna (kisőrlő)";"Endodoncia";"gyökértömés kisőrlő|GYT 2 csat|root filling 2"
"Gyökértömés - 3 csatorna (nagyőrlő)";"Endodoncia";"gyökértömés nagyőrlő 3|GYT 3 csat|moláris GYT 3"
"Gyökértömés - 4 csatorna (nagyőrlő)";"Endodoncia";"gyökértömés nagyőrlő 4|GYT 4 csat|moláris GYT 4"
"Gyökércsatorna átöblítés és gyógyszeres zárás";"Endodoncia";"átöblítés|gyógyszeres zárás|CHX zárás|kalcium-hidroxid|interim dressing"
"Kálcium-hidroxidos gyógyszeres zárás";"Endodoncia";"Ca(OH)2|kalcium-hidroxid|gyógyszeres zárás|UltraCal"
"Régi gyökértömés eltávolítása csatornánként (front/kisőrlő)";"Endodoncia";"GYT eltávolítás|reendo front|revíziós front|RCT retreatment 1"
"Régi gyökértömés eltávolítása csatornánként (nagyőrlő)";"Endodoncia";"GYT eltávolítás moláris|reendo moláris|revíziós moláris"
"Mikroszkópos gyökérkezelés első kezelés - 1 csatorna";"Endodoncia";"MGYK 1|mikroszkópos endo 1|microscope RC 1"
"Mikroszkópos gyökérkezelés első kezelés - 2 csatorna";"Endodoncia";"MGYK 2|mikroszkópos endo 2|microscope RC 2"
"Mikroszkópos gyökérkezelés első kezelés - 3 csatorna";"Endodoncia";"MGYK 3|mikroszkópos endo 3|microscope RC 3"
"Mikroszkópos gyökérkezelés első kezelés - 4 csatorna";"Endodoncia";"MGYK 4|mikroszkópos endo 4|microscope RC 4"
"Mikroszkópos gyökérkezelés második kezelés - 1 csatorna";"Endodoncia";"MGYK 1 második|mikroszkópos endo második 1"
"Mikroszkópos gyökérkezelés második kezelés - 2 csatorna";"Endodoncia";"MGYK 2 második|mikroszkópos endo második 2"
"Mikroszkópos gyökérkezelés második kezelés - 3 csatorna";"Endodoncia";"MGYK 3 második|mikroszkópos endo második 3"
"Mikroszkópos gyökérkezelés második kezelés - 4 csatorna";"Endodoncia";"MGYK 4 második|mikroszkópos endo második 4"
"Mikroszkópos revízió - GYT eltávolítás (front/kisőrlő, csatornánként)";"Endodoncia";"mikroszkópos revízió|micro retreatment front|MGYT-elt 1"
"Mikroszkópos revízió - GYT eltávolítás (nagyőrlő, csatornánként)";"Endodoncia";"mikroszkópos revízió moláris|micro retreatment molar|MGYT-elt M"
"Mikroszkópos betört műszer eltávolítása";"Endodoncia";"betört reszelő|broken file removal|műszertörés"
"Mikroszkópos csap eltávolítás";"Endodoncia";"csap eltávolítás mikroszkóppal|post removal|gyökércsap eltávolítás"
"Mikroszkópos extra kezelés bonyolult csatornánál";"Endodoncia";"extra mikroszkóp|comlex canal|kalcifikált csatorna|MB2 keresés"
"Apexifikáció / apexogenezis";"Endodoncia";"apexifikáció|apexogenezis|nyitott apex|MTA apikál"
"Belső fogfehérítés (devitális, foganként)";"Endodoncia";"belső fehérítés|internal bleaching|walking bleach"
"Intracanaliris üvegszálas csap (Dentapreg PinPost)";"Endodoncia";"intracanal post|pinpost|fiber post intracanal"
"Parapulparis üvegszálas csap (Dentapreg)";"Endodoncia";"parapulpáris csap|kis csap|pin"
"E-max kerámiahéj (foganként)";"Esztétikai fogászat";"e-max héj|kerámia héj|porcelán héj|veneer|lithium-diszilikát héj"
"Préselt kerámia héj (Empress)";"Esztétikai fogászat";"empress héj|empress|leucit kerámia héj"
"Veneer-lay";"Esztétikai fogászat";"veneer-lay|kombinált héj-onlay|wraparound veneer"
"Renamel direkt héj belső színezéssel";"Esztétikai fogászat";"renamel|kompozit héj rétegezve|cosmedent héj"
"Direkt kompozit héj (foganként)";"Esztétikai fogászat";"direkt veneer|kompozit héj|chairside veneer"
"Házi sínes fogfehérítés (alsó-felső)";"Esztétikai fogászat";"otthoni fehérítés|sínes fehérítés|home bleaching|carbamid peroxid"
"Rendelői fogfehérítés (in-office)";"Esztétikai fogászat";"rendelői fehérítés|chair-side fehérítés|Zoom|Beyond"
"Kombinált fogfehérítés (rendelői + házi)";"Esztétikai fogászat";"kombinált fehérítés|in-office + home"
"Belső fogfehérítés (1 fogon, devitális)";"Esztétikai fogászat";"belső fehérítés|elszíneződött fog|walking bleach"
"Fehérítősín készítése (alsó-felső, lenyomatra)";"Esztétikai fogászat";"fehérítősín|whitening tray|bleaching tray"
"Fehérítő utántöltő gél";"Esztétikai fogászat";"fehérítő gél|carbamid gél|fehérítő utántöltő"
"Fogékszer felragasztás";"Esztétikai fogászat";"fogékszer|jewel|tooth gem"
"Fogékszer eltávolítás";"Esztétikai fogászat";"fogékszer levétel|jewel removal"
"Smile design / mosolytervezés";"Esztétikai fogászat";"DSD|smile design|esztétikai tervezés"
"Élpótlás esztétikai célból";"Esztétikai fogászat";"élpótlás|inciso|esztétikai élpótlás"
"Preparálás (foganként)";"Fogpótlástan – rögzített";"prepa|preparálás|csiszolás|brúsz|tooth preparation"
"Fémkerámia korona";"Fogpótlástan – rögzített";"FK|fémkerámia|porcelán fűzött fém|PFM"
"Cirkon korona (monolit)";"Fogpótlástan – rögzített";"cirkon|monolit cirkon|zirkónium korona"
"Cirkon korona (réteges)";"Fogpótlástan – rögzített";"réteges cirkon|porcelán fűzött cirkon|esztétikus cirkon"
"E-max kerámia korona";"Fogpótlástan – rögzített";"e-max korona|lithium-diszilikát korona"
"Empress kerámia korona";"Fogpótlástan – rögzített";"empress korona|leucit korona"
"Hídtag (fémkerámia)";"Fogpótlástan – rögzített";"FK hídtag|fémkerámia híd egység|pontic FK"
"Hídtag (cirkon)";"Fogpótlástan – rögzített";"cirkon hídtag|zirkon pontic"
"Hídtag (E-max)";"Fogpótlástan – rögzített";"e-max hídtag|kerámia pontic"
"Inlay-elhorgonyzású cirkon híd (egy fog pótlás)";"Fogpótlástan – rögzített";"inlay híd|adhezív híd cirkon|inlay-retained bridge"
"Maryland híd (kerámia szárny)";"Fogpótlástan – rögzített";"maryland|szárnyas híd|adhezív híd|RBB"
"Implantátumon csavarozott fémkerámia korona";"Fogpótlástan – rögzített";"csavarozott FK|screw retained PFM|átmenőcsavaros FK"
"Implantátumon csavarozott cirkon korona";"Fogpótlástan – rögzített";"csavarozott cirkon|screw retained cirkon|átmenőcsavaros cirkon"
"Implantátumon cementezett korona";"Fogpótlástan – rögzített";"cementezett implantátum korona|cement retained|ragasztott implantátum korona"
"Hosszútávú ideiglenes korona (laborban készült, PMMA)";"Fogpótlástan – rögzített";"PMMA korona|long term temp|hosszútávú provizórium"
"Hosszútávú ideiglenes híd (PMMA)";"Fogpótlástan – rögzített";"PMMA híd|hosszútávú ideiglenes híd|long term temp bridge"
"Hosszútávú ideiglenes korona implantátumra (CAD/CAM)";"Fogpótlástan – rögzített";"CAD/CAM provizórium|implantátum ideiglenes korona|titánbázis provizórium"
"Ideiglenes korona rendelőben készítve";"Fogpótlástan – rögzített";"chairside ideiglenes|provizórium rendelőben|protemp"
"Ideiglenes híd készítés A1/A3 fóliából";"Fogpótlástan – rögzített";"fóliahúzott provizórium|szívóformázott híd|deep draw temporary"
"Sapka ideiglenes célra (foganként)";"Fogpótlástan – rögzített";"sapka|provisional shell|ideiglenes sapka"
"All-on-4 csavarozott ideiglenes híd (PMMA, állcsontonként)";"Fogpótlástan – rögzített";"all on 4 ideiglenes|all-on-4 PMMA|csavarozott PMMA híd"
"All-on-4 csavarozott végleges cirkon híd (állcsontonként)";"Fogpótlástan – rögzített";"all on 4 cirkon|all-on-4 final|csavarozott cirkon híd 4 implantátumon"
"All-on-6 csavarozott végleges cirkon híd (állcsontonként)";"Fogpótlástan – rögzített";"all on 6 cirkon|all-on-6 final|csavarozott cirkon híd 6 implantátumon"
"Hosszútávú ideiglenes híd Ivotion-erősített (állcsontonként)";"Fogpótlástan – rögzített";"Ivotion híd|teljes íves provizórium|fémmel erősített PMMA"
"Teleszkóp korona (CAD/CAM primer + szekunder, foganként)";"Fogpótlástan – rögzített";"teleszkóp|teleszkóp korona|primer-szekunder"
"Precíziós rögzítőelem (db)";"Fogpótlástan – rögzített";"precíziós elem|attachment|rögzítőelem"
"Precíziós elhorgonyzású fogmű fém alaplemeze";"Fogpótlástan – rögzített";"precíziós alaplemez|kombinált munka alaplemez"
"Sapkapróba";"Fogpótlástan – rögzített";"sapkapróba|coping try-in"
"Vázpróba";"Fogpótlástan – rögzített";"vázpróba|framework try-in|substruktúra próba"
"Nyerspróba (biszkvitpróba)";"Fogpótlástan – rögzített";"biszkvitpróba|nyers próba|bisque try-in"
"Fogpróba (rögzített pótlásnál színpróba)";"Fogpótlástan – rögzített";"fogpróba|színpróba|shade try-in"
"Próbaragasztás (ideiglenes ragasztás)";"Fogpótlástan – rögzített";"próbaragasztás|TempBond|ideiglenes cementezés"
"Végleges ragasztás (rögzített pótlásnál)";"Fogpótlástan – rögzített";"végleges ragasztás|cementezés|adhezív ragasztás|RelyX|Variolink"
"Korona levétel (átvágott koronánként)";"Fogpótlástan – rögzített";"korona átvágás|korona levétel|crown sectioning"
"Korona visszaragasztás (végleges)";"Fogpótlástan – rögzített";"recementezés|korona visszaragasztás|recementation"
"Ideiglenes visszaragasztás";"Fogpótlástan – rögzített";"ideiglenes visszaragasztás|temp recement"
"Protetikai munka beragasztása / fogmű átadás";"Fogpótlástan – rögzített";"fogmű átadás|munka beragasztás|delivery"
"Merevítőrostos direkt híd (egy fog hiány)";"Fogpótlástan – rögzített";"direkt híd|fiber bridge|everstick híd|biomimetic bridge"
"RSVP ideiglenes héj";"Fogpótlástan – rögzített";"RSVP|ideiglenes héj|temp veneer"
"Porcelán borítású fémkorona";"Fogpótlástan – rögzített";"PFM|porcelán fűzött fém"
"Teljes kivehető fogsor akrilát (egy állcsont)";"Fogpótlástan – kivehető";"akrilát fogsor|teljes fogsor|complete denture"
"Teljes kivehető fogsor BPS (egy állcsont)";"Fogpótlástan – kivehető";"BPS|biofunkcionális fogsor|Ivoclar BPS"
"BPS fogsor individualizált alaplemezzel (egy állcsont)";"Fogpótlástan – kivehető";"egyedi BPS|gnatológiai BPS|funkcionális BPS"
"Teljes fogsor (Ivotion 3D nyomtatott)";"Fogpótlástan – kivehető";"Ivotion fogsor|3D nyomtatott fogsor|digital denture"
"Részleges kivehető fogsor (akrilát)";"Fogpótlástan – kivehető";"részleges fogsor|RPF akrilát|partial denture"
"Részleges kivehető fogsor (fémlemezes, kapcsos)";"Fogpótlástan – kivehető";"fémlemezes fogsor|öntött kapcsos|cast partial|kapocs|CoCr partial"
"Valplast 1 fogas pótlás";"Fogpótlástan – kivehető";"valplast 1 fog|flexibilis 1 fog|nylon 1 fog"
"Valplast részleges (1-2 fog, front)";"Fogpótlástan – kivehető";"valplast 1-2 front|kis valplast"
"Valplast részleges (3-4 fog)";"Fogpótlástan – kivehető";"valplast 3-4|közepes valplast"
"Valplast teljes fogsor";"Fogpótlástan – kivehető";"teljes valplast|nylon fogsor"
"Valplast javítása (foganként)";"Fogpótlástan – kivehető";"valplast javítás|nylon javítás"
"Lokátoros kivehető fogsor (2 implantátumon)";"Fogpótlástan – kivehető";"lokátor 2|locator 2|overdenture 2 implantátum"
"Lokátoros kivehető fogsor (4 implantátumon)";"Fogpótlástan – kivehető";"lokátor 4|locator 4|overdenture 4 implantátum"
"Stéges kivehető fogsor (4 implantátumon)";"Fogpótlástan – kivehető";"stég 4|bar 4|gerendás 4 implantátum"
"Stéges kivehető fogsor (6 implantátumon)";"Fogpótlástan – kivehető";"stég 6|bar 6|gerendás 6 implantátum"
"Variokugel elhorgonyzás";"Fogpótlástan – kivehető";"variokugel|gömbös elhorgonyzás|ball attachment"
"Lokátor matrica cseréje";"Fogpótlástan – kivehető";"lokátor matrica|locator insert csere|nylon csere"
"Fogsor alábélelés (közvetlen, kemény)";"Fogpótlástan – kivehető";"alábélelés direkt|chairside reline|kemény alábélelés"
"Fogsor alábélelés (közvetett, laborban)";"Fogpótlástan – kivehető";"laboratóriumi alábélelés|indirekt reline"
"Fogsor lágy alábélelés (Mollosil/szilikon)";"Fogpótlástan – kivehető";"lágy alábélelés|szilikon alábélelés|soft reline"
"Fogsor javítás (törés)";"Fogpótlástan – kivehető";"fogsor törés|törött fogsor javítás|denture repair"
"Fogsor javítás (fog/kapocs pótlása)";"Fogpótlástan – kivehető";"fog beragasztás fogsorba|kapocs pótlás|tooth add"
"Ideiglenes fogsor (3D nyomtatott, állcsontonként)";"Fogpótlástan – kivehető";"3D ideiglenes fogsor|nyomtatott ideiglenes fogsor"
"Ideiglenes fogsor (akrilát, állcsontonként)";"Fogpótlástan – kivehető";"akrilát ideiglenes|sürgősségi fogsor|immediate denture"
"Ideiglenes fogsor laborban (Ivoclar fogakkal)";"Fogpótlástan – kivehető";"Ivoclar ideiglenes|ideiglenes fogsor labor|long term provisional denture"
"Tanulmányi lenyomat (alginát, állcsontonként)";"Fogpótlástan – kivehető";"tanulmányi lenyomat|alginát|preliminary impression"
"Lenyomati díj (precíziós szilikon, állcsontonként)";"Fogpótlástan – kivehető";"precíziós lenyomat|szilikon lenyomat|funkcionális lenyomat"
"Fogbeültetés (premium implantátum, foganként)";"Implantológia";"implantátum|fogbeültetés|implant placement|Nobel|Straumann|Astra"
"Fogbeültetés (közép-kategória implantátum, foganként)";"Implantológia";"középkategóriás implantátum|Dentium|AlphaBio|Bionika|MIS"
"Fogbeültetés (sürgősségi/azonnali, foganként)";"Implantológia";"azonnali implantáció|immediate implant|sürgősségi implantáció"
"Cirkon (kerámia) implantátum";"Implantológia";"cirkon implantátum|zirkónium implantátum|Nobel Pearl|Straumann Pure|kerámia implantátum"
"Mini implantátum (pin)";"Implantológia";"mini implantátum|pin implant|kisátmérőjű implant"
"Műtéti sablon készítés (statikus navigáció)";"Implantológia";"surgical guide|fúrósablon|navigáció|Smart Guide|implant guide"
"3D digitális implantációs tervezés";"Implantológia";"3D tervezés|implantációs tervezés|coDiagnostix|Blue Sky Plan"
"Implantátum felszabadítás (gyógyulás után)";"Implantológia";"implant uncovering|II. fázis sebészet|második műtét|exposure"
"Ínyformázó csavar behelyezése";"Implantológia";"healing|gyógyulási csavar|ínyformázó|tissue former|gingiva former"
"Egyedi gyógyulási csavar (CAD/CAM)";"Implantológia";"egyedi healing|custom healing|emergence profile shaping"
"Implantátum eltávolítás (műtéti)";"Implantológia";"implantátum eltávolítás|implant explantation|implant removal"
"Implantátumon betört csavar eltávolítása";"Implantológia";"betört csavar|broken screw removal|abutment screw fracture"
"Peri-implantitis kezelés (kürettálás)";"Implantológia";"peri-implantitis|implantátum kürettálás|implantátum tisztítás"
"Hybenx kezelés peri-implantitisnél";"Implantológia";"hybenx|implantátum dekontamináció|periimplantitis kezelés"
"Csontpótlás (extrakciós zsugorodás megelőzés, frontfog/kisőrlő)";"Implantológia";"socket preservation front|alveolus megőrzés|ridge preservation 1"
"Csontpótlás (extrakciós zsugorodás megelőzés, nagyőrlő)";"Implantológia";"socket preservation moláris|alveolus megőrzés moláris|ridge preservation M"
"Csontpótlás állcsontgerinc szélesítésére";"Implantológia";"GBR|guided bone regeneration|gerincszélesítés|ridge augmentation"
"Csontpótlás vertikális augmentáció";"Implantológia";"vertikális augmentáció|magassági csontpótlás|vertical GBR"
"Sinuslift zárt technika";"Implantológia";"zárt sinuslift|crestal sinuslift|Summers technika|osteotom sinuslift"
"Sinuslift nyitott technika";"Implantológia";"nyitott sinuslift|laterális sinuslift|window sinuslift"
"Sinusperforáció zárás";"Implantológia";"sinus zárás|membránperforáció zárás|Schneider perforáció"
"Csontblokk transzplantáció (autogén)";"Implantológia";"csontblokk|autogén blokk|J-graft|onlay graft"
"Sajátcsont gyűjtés csontkaparóval";"Implantológia";"safescraper|csontkaparás|micross|smartscraper|csontgyűjtés"
"Lágyszövet augmentáció (kötőszöveti graft)";"Implantológia";"CTG|kötőszöveti graft|connective tissue graft|szájpadgraft"
"Recesszió fedés (Mucograft)";"Implantológia";"recesszió fedés|root coverage|recessziófedés|Mucograft"
"Feszes íny képzése implantátum felszabadítással";"Implantológia";"feszes íny|attached gingiva|kerathinizált íny pótlás|FGG"
"Mikroimplantátum fogszabályozási céllal";"Implantológia";"TAD|temporary anchorage device|orthodontic mini-implant|mikroimplantátum orto"
"Felépítőfej standard (titán)";"Implantológia";"abutment|titán abutment|stock abutment|standard felépítőfej"
"Egyedi felépítőfej (CAD/CAM titán)";"Implantológia";"custom abutment|egyedi titán abutment|CAD/CAM abutment"
"Egyedi felépítőfej (cirkon)";"Implantológia";"cirkon abutment|cirkon felépítőfej|zirconia abutment"
"Multiunit átépítő (csavarozott pótlásokhoz)";"Implantológia";"multiunit|MUA|multi-unit abutment|hídfej csavarozott"
"Titán bázis (Ti-base)";"Implantológia";"Ti-base|titán bázis|hibrid abutment alapja"
"Átmenőcsavar (prosthetic screw)";"Implantológia";"prosthetic screw|átmenőcsavar|abutment screw"
"Ideiglenes felépítőfej";"Implantológia";"temp abutment|ideiglenes abutment|provisional abutment"
"Parodontológiai szakvizsgálat";"Parodontológia";"paro szakvizsgálat|paro vizsgálat|periodontal exam"
"Parodontológiai szakvizsgálat tasakméréssel";"Parodontológia";"paro státusz|paro charting|tasakmérés"
"Zárt kürett (foganként)";"Parodontológia";"zárt kürett|closed curettage|paro kürett 1 fog|SRP foganként"
"Zárt kürett (kvadránsonként)";"Parodontológia";"zárt kürett kvadráns|SRP kvadráns|closed curettage QD"
"Zárt kürett (állcsontonként)";"Parodontológia";"zárt kürett egész fogív|paro állcsont|SRP teljes ív"
"Zárt kürett (teljes száj, full mouth disinfection)";"Parodontológia";"FMD|full mouth disinfection|teljes száj kürett|24 órás protokoll"
"Nyitott kürett 1 fogra";"Parodontológia";"nyitott kürett 1|open flap 1 fog|paro lebenyes 1"
"Nyitott kürett 2 fogra";"Parodontológia";"nyitott kürett 2|open flap 2 fog"
"Nyitott kürett 3 fogra";"Parodontológia";"nyitott kürett 3|open flap 3 fog"
"Nyitott kürett 4+ fogra";"Parodontológia";"nyitott kürett 4|open flap 4 fog|kiterjesztett nyitott kürett"
"Emdogain regeneratív parodontális műtét (anyagdíj nélkül)";"Parodontológia";"emdogain műtét|EMD|enamel matrix derivative|regeneratív paro"
"GTR irányított szövetregeneráció";"Parodontológia";"GTR|guided tissue regeneration|membrános paro műtét"
"Recesszió fedés I. (egyszerű)";"Parodontológia";"recesszió fedés 1|root coverage simple|CAF"
"Recesszió fedés II. (összetett)";"Parodontológia";"recesszió fedés 2|root coverage complex|tunnel|VISTA"
"Funkcionális koronahosszabbító műtét (foganként)";"Parodontológia";"koronahosszabbítás 1|crown lengthening 1|esztétikai koronahosszabbítás"
"Funkcionális koronahosszabbító műtét (kvadránsonként)";"Parodontológia";"koronahosszabbítás kvadráns|crown lengthening QD"
"Mucogingivális sebészet";"Parodontológia";"mucogingivális|MGS|periodontal plastic surgery"
"Gingivectomia";"Parodontológia";"gingivectomia|íny eltávolítás|GIN"
"Gingivoplasztika / ínykorrekció";"Parodontológia";"gingivoplasztika|íny formázás|esztétikai ínykorrekció"
"Frenulum plasztika - felső ajakfék";"Parodontológia";"felső ajakfék|frenulum plasztika|labial frenectomy"
"Frenulum plasztika - alsó ajakfék";"Parodontológia";"alsó ajakfék|alsó frenulum plasztika"
"Nyelvfék felvágás (frenotomia)";"Parodontológia";"nyelvfék|lingual frenectomy|nyelvfék vágás|tongue tie"
"Soft-laser (lézerterápia, alkalmanként)";"Parodontológia";"soft laser|lézerterápia|low level laser|LLLT"
"Parodontológia kontroll";"Parodontológia";"paro kontroll|periodontal recall|tasak kontroll"
"Parodontológia műtét utáni kontroll";"Parodontológia";"posztop paro kontroll|paro műtéti kontroll"
"Foghúzás egyszerű (db)";"Szájsebészet";"extr|extractio|fog kihúzása|simple extraction|foghúzás"
"Foghúzás varrattal (db)";"Szájsebészet";"extr varrattal|szuturás extractio|extraction with suture"
"Műtéti foghúzás (feltárással)";"Szájsebészet";"műtéti extractio|surgical extraction|feltárásos foghúzás"
"Műtéti bölcsességfog eltávolítás (felső)";"Szájsebészet";"felső 8-as eltávolítás|maxilla 8|wisdom tooth UP|felső bölcsességfog"
"Műtéti bölcsességfog eltávolítás (alsó)";"Szájsebészet";"alsó 8-as eltávolítás|mandibula 8|wisdom tooth LO|alsó bölcsességfog"
"Retinált bölcsességfog eltávolítása (impactált)";"Szájsebészet";"retinált 8|impacted molar|csontba zárt 8-as"
"Tejfog eltávolítás érzéstelenítés nélkül";"Szájsebészet";"tejfoghúzás|deciduous extraction|érzéstelenítés nélkül tejfog"
"Tejfog eltávolítás érzéstelenítéssel";"Szájsebészet";"tejfoghúzás érzéstelenítve|tejfog extr injekcióval"
"Gyökér eltávolítása (Dissectio)";"Szájsebészet";"dissectio|gyökér disszekció|root resection"
"Pericoronitis kezelés";"Szájsebészet";"pericoronitis|operculectomia|íny gyulladás 8-as"
"Alveolitis kezelés";"Szájsebészet";"alveolitis|szárazfog|dry socket|csíkkezelés"
"Csíkcsere (alveolitis)";"Szájsebészet";"csíkcsere|alvogyl csere|tampon csere"
"Tályog megnyitás (incizió)";"Szájsebészet";"abscessus|tályog megnyitás|incision and drainage|incizió"
"Cisztektómia";"Szájsebészet";"cystectomia|cisztektómia|gyökércsúcs ciszta műtét"
"Gyökércsúcs reszekció - frontfog";"Szájsebészet";"resectio front|gyökércsúcs reszekció front|apicoectomy front"
"Gyökércsúcs reszekció - kisőrlő";"Szájsebészet";"resectio kisőrlő|apicoectomy premolar"
"Gyökércsúcs reszekció - nagyőrlő";"Szájsebészet";"resectio nagyőrlő|apicoectomy molar"
"Reszekció reoperáció";"Szájsebészet";"reszekció reop|reapikoektomia|újraműtét"
"Retrográd gyökértömés (csatornánként)";"Szájsebészet";"retrográd GYT|MTA root end filling|reverse root canal filling"
"Sinus zárás (oroantrális kommunikáció)";"Szájsebészet";"sinus zárás|OAC|oroantrális zárás|MAS műtét"
"Lágyrész kimetszés";"Szájsebészet";"lágyrész kimetszés|excisio|soft tissue excision"
"Lágyrész kimetszés szövettani vizsgálattal";"Szájsebészet";"excisio + szövettan|excisional biopsy"
"Nyálkahártya elváltozás eltávolítása";"Szájsebészet";"mucosa elváltozás|fibroma|epulis|mucocele eltávolítás"
"Implantátum műtéti eltávolítása";"Szájsebészet";"implant explantation|implantátum eltávolítás műtéti"
"Implantátum felszabadítás II. fázis";"Szájsebészet";"implant uncovering|II. fázis|exposure"
"Varratszedés";"Szájsebészet";"varratszedés|suture removal|szutura kivétel"
"Hemostasis (vérzéscsillapítás)";"Szájsebészet";"hemostasis|vérzéscsillapítás|posztextrakciós vérzés"
"Sialolithiasis (nyálkő eltávolítás)";"Szájsebészet";"nyálkő|sialolith|nyálcsator nyitás"
"Műtéti előkészítés (Hygitech steril takarás)";"Szájsebészet";"steril takarás|műtéti előkészítés|hygitech|surgical drape"
"Apikális kürettálás";"Szájsebészet";"apikális kürett|apical curettage"
"Gyermek első vizsgálat (adaptáció)";"Gyermekfogászat";"gyermek vizsgálat|adaptáció|első találkozás|tell-show-do"
"Gyermek kontroll vizsgálat";"Gyermekfogászat";"gyermek kontroll|recall pediatric"
"Tejfog tömés (1 felszín)";"Gyermekfogászat";"tejfog 1F|deciduous filling 1F|tejfog tömés 1 felszín"
"Tejfog tömés (2+ felszín)";"Gyermekfogászat";"tejfog 2F|deciduous filling 2F|MOD tejfog"
"Tejfog ideiglenes gyógyszeres tömése";"Gyermekfogászat";"tejfog gyógyszeres|cariostatic|SDF|ezüst-diamin-fluorid"
"Tejfog trepanálás";"Gyermekfogászat";"tejfog trepanálás|tejfog megnyitás"
"Pulpotomia tejfogon";"Gyermekfogászat";"pulpotomia tejfog|formokrezol pulpotomia|MTA pulpotomia"
"Tejfog gyökértömés (pulpektómia)";"Gyermekfogászat";"tejfog GYT|tejfog pulpektómia|root filling deciduous"
"Tejfog stainless steel korona (SSC)";"Gyermekfogászat";"SSC|preformált korona|tejfog acél korona|Hall korona|Hall technique"
"Tejfog cirkon korona";"Gyermekfogászat";"tejfog cirkon korona|esztétikus tejfog korona|zirconia ped crown"
"Tejfog eltávolítás (alkalmanként)";"Gyermekfogászat";"tejfoghúzás|tejfog extr|deciduous extraction"
"Helyfenntartó (rögzített, band-loop / lingual ív)";"Gyermekfogászat";"helyfenntartó|space maintainer|band-loop|Nance"
"Helyfenntartó (kivehető)";"Gyermekfogászat";"kivehető helyfenntartó|removable space maintainer"
"Barázdazárás (felszíni)";"Gyermekfogászat";"barázdazárás|sealant|sealing|fissure sealant"
"Kiterjesztett barázdazárás";"Gyermekfogászat";"kiterjesztett sealant|preventive resin restoration|PRR"
"Kinetikus preparációval végzett barázdazárás (EtchMaster)";"Gyermekfogászat";"kinetikus prep|airabrasion sealant|EtchMaster"
"Fluoridálás (gyermek, alkalmanként)";"Gyermekfogászat";"fluor gyerek|Duraphat gyerek|fluor lakk gyermek"
"Anyák tanácsadás (csecsemő/kisded)";"Gyermekfogászat";"anyatanácsadás|infant counseling|early childhood prevention"
"Játékos adaptáció (külön ülés)";"Gyermekfogászat";"adaptáció|tell-show-do|gyerek adaptáció|behavior management"
"Fogszabályozó páciens vizsgálat";"Fogszabályozás";"orto vizsgálat|fogszabályozás vizsgálat|ortodonciai vizsgálat"
"Fogszabályozási dokumentáció (fotó + lenyomat/szken)";"Fogszabályozás";"orto dokumentáció|orto fotó|orto lenyomat|orthodontic records"
"3D digitális orto tervezés (sínes terápia tervezés)";"Fogszabályozás";"3D orto tervezés|clincheck|sínes tervezés|aligner planning"
"Kivehető fogszabályozó készülék (1 fogív)";"Fogszabályozás";"kivehető készülék|removable orto|1 fogíves kivehető"
"Kivehető fogszabályozó készülék (bimaxilláris)";"Fogszabályozás";"bimaxilláris|kivehető bi|aktivátor|bimax orto"
"Hyrax (gyors palatum expander)";"Fogszabályozás";"hyrax|RPE|gyors expander|palatum tágítás"
"Quadhelix (sima gyűrűkkel)";"Fogszabályozás";"quadhelix|qhx|kvadhelix"
"Quadhelix (MB gyűrűkkel)";"Fogszabályozás";"quadhelix MB|kvadhelix bracket gyűrű"
"BWS (Bonded Wire Splint, 1 fogív)";"Fogszabályozás";"BWS|bonded wire splint|ragasztott drót sín"
"D-Gainer";"Fogszabályozás";"d-gainer|distalizáló orto készülék"
"Delaire maszk";"Fogszabályozás";"delaire|fej-arc orto|FaceMask"
"Ferdesík";"Fogszabályozás";"ferdesík|inclined plane|harapás emelő ferde"
"Ferdesík levágása";"Fogszabályozás";"ferdesík eltávolítás|inclined plane removal"
"Lingual ív / TPA / Goshgarian";"Fogszabályozás";"lingual ív|TPA|trans palatal arch|Goshgarian"
"Myofunkcionális készülék (általános)";"Fogszabályozás";"myo készülék|myofunctional appliance|izomtorna készülék"
"Myobrace készülék (B/I/J/K/MBA/T)";"Fogszabályozás";"myobrace|MRC|preorto készülék"
"Powerguard sorozat";"Fogszabályozás";"powerguard|MRC powerguard"
"Infant trainer (3 éves kortól)";"Fogszabályozás";"infant trainer|MRC infant|kisgyermek trainer"
"Lipp trainer";"Fogszabályozás";"lipp trainer|ajaktréner|lip trainer"
"Myolay harapásemelő";"Fogszabályozás";"myolay|harapásemelő myo"
"Mikroimplantátum fogszabályozási célra (TAD)";"Fogszabályozás";"TAD|temporary anchorage device|mini-implantátum orto"
"Mikroimplantátumon elhorgonyzott készülék (egyedi)";"Fogszabályozás";"TAD-elhorgonyzott|mini-implantátum készülék"
"Rögzített fém készülék 1 fogív (nem önligírozó)";"Fogszabályozás";"fém bracket nem önligírozó|MBT|Roth fix|hagyományos bracket"
"Rögzített fém készülék 1 fogív (önligírozó)";"Fogszabályozás";"önligírozó fém|self-ligating|Damon|H4|fix önligírozó"
"Rögzített esztétikus készülék 1 fogív (nem önligírozó)";"Fogszabályozás";"porcelán bracket nem önligírozó|esztétikus fix|kerámia bracket"
"Rögzített esztétikus készülék 1 fogív (önligírozó)";"Fogszabályozás";"porcelán önligírozó|esztétikus self-ligating|Damon Clear"
"Lingvális rögzített készülék (1 fogív)";"Fogszabályozás";"lingual fix|incognito|lingual orto|nyelv felöli készülék"
"Bracket visszaragasztás (fém, db)";"Fogszabályozás";"bracket vissza|rebonding fém|bracket rebond"
"Bracket visszaragasztás (esztétikus, db)";"Fogszabályozás";"bracket vissza esztétikus|rebonding porcelán"
"Bracket pótlás (elveszett fém bracket)";"Fogszabályozás";"új bracket|bracket pótlás fém|lost bracket replacement"
"Bracket pótlás (elveszett porcelán bracket)";"Fogszabályozás";"új bracket porcelán|bracket pótlás esztétikus"
"Ívcsere ívenként (fém)";"Fogszabályozás";"ívcsere|wire change|ortodonciai ív"
"Ívcsere ívenként (esztétikus készüléknél)";"Fogszabályozás";"esztétikus ívcsere|coated wire change|epoxy wire"
"Ív és gumicsere (1 fogív)";"Fogszabályozás";"ív+gumi 1|teljes csere 1 ív"
"Ív és gumicsere (2 fogív)";"Fogszabályozás";"ív+gumi 2|teljes csere 2 ív"
"Gumicsere (1 fogív, nem önligírozó)";"Fogszabályozás";"gumicsere|ligature change|elastic change"
"Kontroll - rögzített készülékkel";"Fogszabályozás";"orto kontroll fix|fix kontroll|adjustment fix"
"Kontroll - kivehető készülékkel (1 készülék)";"Fogszabályozás";"orto kontroll kivehető|aktiválás kivehető 1"
"Kontroll - kivehető készülékkel (2 készülék)";"Fogszabályozás";"orto kontroll bimax|aktiválás bimax"
"Kontroll - készülék nélkül";"Fogszabályozás";"orto kontroll nincs készülék|monitoring"
"Kontroll - sínes terápia (Invisalign/aligner)";"Fogszabályozás";"aligner kontroll|invisalign kontroll|sín kontroll"
"Sínes fogszabályozás - Quick (~12 sín)";"Fogszabályozás";"aligner quick|sín quick|short aligner|invisalign express"
"Sínes fogszabályozás - Simple (~22 sín)";"Fogszabályozás";"aligner simple|sín simple|aligner lite"
"Sínes fogszabályozás - Complex (~48 sín)";"Fogszabályozás";"aligner complex|sín complex|invisalign comprehensive"
"Sínes fogszabályozás - Pro (~68 sín)";"Fogszabályozás";"aligner pro|sín pro|invisalign full"
"Sínes fogszabályozás - Unlimited (komplex)";"Fogszabályozás";"aligner unlimited|sín korlátlan"
"Sínes fogszabályozás - tervezési díj";"Fogszabályozás";"aligner tervezés|sín tervezési díj|setup díj"
"Attachment ragasztás (foganként)";"Fogszabályozás";"attachment ragasztás|atch|invisalign attachment"
"Attachment levétel (foganként)";"Fogszabályozás";"attachment levétel|atch eltávolítás"
"IPR (interproximális redukció)";"Fogszabályozás";"IPR|stripping|interproximalis redukció"
"Fix retainer (1 fogív)";"Fogszabályozás";"fix retainer|kötött retainer|lingual retainer|drót retainer"
"Smilezor fix retainer";"Fogszabályozás";"smilezor retainer|sz retainer fix"
"Fix retainer csere (1 fogív)";"Fogszabályozás";"retainer csere|fix retainer csere"
"Fix retainer javítás";"Fogszabályozás";"retainer javítás|drót retainer javítás"
"Vivera retainer (1 fogív)";"Fogszabályozás";"vivera 1|invisalign retainer 1|essix retainer 1"
"Vivera retainer (2 fogív)";"Fogszabályozás";"vivera 2|invisalign retainer 2|essix retainer 2"
"Kivehető retainer (1 fogív, vacuformed)";"Fogszabályozás";"essix|vacuum formed retainer|kivehető retainer"
"Készülék eltávolítása (1 fogív)";"Fogszabályozás";"debonding|debond 1|fix levétel"
"Rögzített készülék levétele + retenciós készülék (1 fogív)";"Fogszabályozás";"debond + retainer|fix levétel + vivera|debond és retainer átadás"
"Sín átadás";"Fogszabályozás";"aligner átadás|sín delivery"
"Páciens orto viasz";"Fogszabályozás";"orto viasz|wax|bracket viasz"
"Tejfoghúzás (orto célzott)";"Fogszabályozás";"orto célú tejfoghúzás|seriális extrakció"
"Stabilizációs (Michigan) sín";"Harapásemelők, sínek, fogvédők";"Michigan sín|stabilizációs sín|stab sín|occlusal splint"
"Stabilizációs sín újraadaptálása";"Harapásemelők, sínek, fogvédők";"sín újraadaptálás|sín csiszolás|splint adjustment"
"NTI-tss harapásemelő";"Harapásemelők, sínek, fogvédők";"NTI|NTI-tss|mini harapásemelő|anterior bite plane"
"NTI kontroll";"Harapásemelők, sínek, fogvédők";"NTI kontroll|NTI adjustment"
"Egyéni harapásemelő készítése (1 hónap követéssel)";"Harapásemelők, sínek, fogvédők";"egyéni harapásemelő|custom bite raiser"
"Lions horkolásgátló készülék";"Harapásemelők, sínek, fogvédők";"lions|horkolásgátló|MAD|mandibular advancement"
"Silensor horkolásgátló";"Harapásemelők, sínek, fogvédők";"silensor|horkolás silensor|sleep apnoe készülék"
"TMJ-MBV horkolásgátló";"Harapásemelők, sínek, fogvédők";"TMJ MBV|MBV készülék|TMJ horkolásgátló"
"TMJ-BDS készülék";"Harapásemelők, sínek, fogvédők";"TMJ BDS|BDS készülék"
"Myosa S2 (TMJ MBV horkolásgátló 2. fázis)";"Harapásemelők, sínek, fogvédők";"myosa s2|tmj mbv 2"
"Sportolói fogvédő (Playsafe)";"Harapásemelők, sínek, fogvédők";"sport fogvédő|mouthguard|playsafe|sportolói védő"
"Sportolói fogvédő (heavy-pro)";"Harapásemelők, sínek, fogvédők";"playsafe heavy pro|professzionális sportfogvédő"
"Bruxizmus elleni sín";"Harapásemelők, sínek, fogvédők";"bruxizmus sín|night guard|fogcsikorgató sín"
"Műanyag bemarós sín";"Harapásemelők, sínek, fogvédők";"bemarós sín|tényezős sín|deprogrammáló sín"
"Fogszorítás terápia (komplex csomag)";"Harapásemelők, sínek, fogvédők";"fogszorítás|clenching terápia|TMJ csomag"
"Kiegészítő sín 1 fogívre";"Harapásemelők, sínek, fogvédők";"kiegészítő sín|secondary splint"
"Csontpótló anyag (xenogén) - 0.25 g";"Anyagok és felszerelések";"xenogén csontpótló 0.25g|Cerabone 0.25|Bio-Oss kis|Xenogain 0.25"
"Csontpótló anyag (xenogén) - 0.5 g";"Anyagok és felszerelések";"xenogén csontpótló 0.5g|Cerabone 0.5|Bio-Oss 0.5|Xenogain 0.5"
"Csontpótló anyag (xenogén) - 1 g";"Anyagok és felszerelések";"xenogén csontpótló 1g|Cerabone 1g|Bio-Oss 1g|Xenogain 1g"
"Csontpótló anyag (xenogén) - 2 g";"Anyagok és felszerelések";"xenogén csontpótló 2g|Cerabone 2g|Bio-Oss 2g|Xenogain 2g"
"Csontpótló anyag (allogén)";"Anyagok és felszerelések";"allogén csontpótló|maxgraft|allograft"
"Csontpótló anyag (alloplasztikus / szintetikus)";"Anyagok és felszerelések";"alloplasztikus csontpótló|béta-TCP|hidroxiapatit szintetikus"
"Felszívódó kollagén membrán - kis (15x20 mm)";"Anyagok és felszerelések";"BioGide kis|Xenoprotect 15x20|kollagén membrán kis|Mucoderm 15x20"
"Felszívódó kollagén membrán - közepes (25x30 mm)";"Anyagok és felszerelések";"kollagén membrán 25x30|Xenoprotect 25x30"
"Felszívódó kollagén membrán - nagy (30x40 mm)";"Anyagok és felszerelések";"BioGide 30x40|Xenoprotect 30x40|kollagén membrán nagy"
"Nem-felszívódó membrán (titán-merevítésű)";"Anyagok és felszerelések";"Cytoplast|titán erősített membrán|nem felszívódó membrán|PTFE membrán"
"Lágyszövet pótló anyag - kis";"Anyagok és felszerelések";"Mucograft kis|Mucoderm 15x20|soft tissue graft kis"
"Lágyszövet pótló anyag - közepes (20x30)";"Anyagok és felszerelések";"Mucoderm 20x30|Mucograft közepes"
"Lágyszövet pótló anyag - nagy (30x40)";"Anyagok és felszerelések";"Mucoderm 30x40|Mucograft nagy"
"Mucoderm Punch (íny graft)";"Anyagok és felszerelések";"mucoderm punch|punch graft"
"Titán csavar (membránrögzítéshez, db)";"Anyagok és felszerelések";"membrán csavar|titán pin|tack screw|fixáló csavar"
"3D titánháló";"Anyagok és felszerelések";"3D titánháló|titanium mesh|customized titanium mesh"
"Sebzáró kollagén anyag (Lyostypt)";"Anyagok és felszerelések";"Lyostypt|kollagén szivacs|hemostatic collagen"
"Emdogain anyagdíj";"Anyagok és felszerelések";"Emdogain anyag|EMD anyag"
"Implantátum (premium - Nobel)";"Anyagok és felszerelések";"Nobel implantátum|NobelActive|NobelParallel|NobelReplace"
"Implantátum (premium - Straumann)";"Anyagok és felszerelések";"Straumann|SLA|SLActive|BLT|BLX"
"Implantátum (közép-kategória, AlphaBio)";"Anyagok és felszerelések";"alphabio|AlphaBio implantátum"
"Implantátum (közép-kategória, Dentium)";"Anyagok és felszerelések";"dentium|Dentium SuperLine"
"Implantátum (közép-kategória, MIS / Bionika)";"Anyagok és felszerelések";"MIS|Bionika|hazai implantátum"
"Cirkon implantátum (Nobel Pearl)";"Anyagok és felszerelések";"Nobel Pearl|cirkon implantátum"
"Implantátum karbonszálas átmenőcsavar (Nobel Pearl)";"Anyagok és felszerelések";"karbon szálas csavar|Nobel Pearl connector"
"On1 Base CC Xeal (Nobel)";"Anyagok és felszerelések";"On1 base|Nobel On1"
"3D nyomtatott műtéti sablon";"Anyagok és felszerelések";"surgical guide|fúrósablon|drill guide|3D printed guide"
"Anyagköltség (egyéb tétel)";"Anyagok és felszerelések";"anyagköltség|anyagdíj|materials"
"Egyéb termék/anyag (manuális)";"Anyagok és felszerelések";"egyéb anyag|misc material"
"5460-as fogkefe (1 db)";"Anyagok és felszerelések";"Curaprox 5460|ultra puha fogkefe|sensitive fogkefe"
"Curaprox 5460 fogkefe (3 db-os)";"Anyagok és felszerelések";"Curaprox 5460 csomag|fogkefe 3 db"
"Egycsomós fogkefe";"Anyagok és felszerelések";"egycsomós|single tuft|Genius|Curaprox CS 1006"
"Szájsebészeti fogkefe";"Anyagok és felszerelések";"posztop fogkefe|surgical toothbrush"
"Fogköztisztító kefe (db)";"Anyagok és felszerelések";"fogköztisztító|interdental brush|prime"
"Fogköztisztító kefe (5 db + 2 nyél)";"Anyagok és felszerelések";"fogköztisztító csomag|prime csomag"
"Fogköztisztító nyél (fém)";"Anyagok és felszerelések";"fogköztisztító nyél|prime holder|interdental holder"
"Superfloss fogselyem";"Anyagok és felszerelések";"superfloss|implant fogselyem|híd fogselyem"
"Ultrafloss fogselyem";"Anyagok és felszerelések";"ultrafloss|sűrű fogselyem"
"Fogselyem (gyári villa)";"Anyagok és felszerelések";"floss villa|fogselyem villa|floss pick"
"Plakkfestő tabletta (4 db)";"Anyagok és felszerelések";"plakkfesto 4|disclosing tablet 4"
"Plakkfestő tabletta (12 db)";"Anyagok és felszerelések";"plakkfestő 12|disclosing tablet 12"
"Curasept öblögető";"Anyagok és felszerelések";"curasept|CHX szájvíz|klórhexidin szájvíz"
"Curasept perio";"Anyagok és felszerelések";"curasept perio|CHX perio öblögető"
"Curasept implant";"Anyagok és felszerelések";"curasept implant|implantátum öblögető"
"Tooth Mousse termék";"Anyagok és felszerelések";"tooth mousse|MI Paste|CPP-ACP krém"
"Gengigél";"Anyagok és felszerelések";"gengigel|íny gel|hyaluronic gel"
"Gengigél Teething";"Anyagok és felszerelések";"gengigel teething|fogzási gél"
"ADS gél fogkrém";"Anyagok és felszerelések";"ADS|ADS gél fogkrém|sensitivity fogkrém"
"Nyelvtisztító (2 db)";"Anyagok és felszerelések";"nyelvtisztító|tongue cleaner"
"Szájzuhany pótfej";"Anyagok és felszerelések";"szájzuhany pótfej|waterpik fej|oral irrigator tip"
"Waterpik szájzuhany (Classic)";"Anyagok és felszerelések";"WP70|waterpik classic|waterpik vezetékes"
"Waterpik Ultra szájzuhany";"Anyagok és felszerelések";"waterpik ultra|waterpik felső kategória"
"Waterpik Traveler szájzuhany";"Anyagok és felszerelések";"waterpik traveler|úti waterpik"
"Waterpik for Kids";"Anyagok és felszerelések";"waterpik for kids|gyermek szájzuhany"
"Oral-B elektromos fogkefe";"Anyagok és felszerelések";"Oral-B|elektromos fogkefe"
"Oral-B pótfej (4 db-os)";"Anyagok és felszerelések";"Oral-B pótfej csomag|brush head csomag"
"Páciens tükör";"Anyagok és felszerelések";"tükör|kézi tükör|hand mirror"
"Logopédiai vizsgálat (első felmérés)";"Logopédia és myofunkcionális";"logopédiai vizsgálat|logopédia első|speech assessment"
"Logopédiai kontroll";"Logopédia és myofunkcionális";"logopédiai kontroll|speech follow-up"
"Logopédiai terápia (alkalmanként)";"Logopédia és myofunkcionális";"logopédiai terápia|speech therapy"
"Logopédiai terápia testvérek (2 fő)";"Logopédia és myofunkcionális";"logopédia testvér|speech therapy siblings"
"Myofunkcionális szakvizsgálat";"Logopédia és myofunkcionális";"myofunkcionális vizsgálat|MFT|izomfunkció vizsgálat"
"Myofunkcionális tanácsadás";"Logopédia és myofunkcionális";"MFT tanácsadás|myo tanácsadás"
"Myofunkcionális kontroll (személyes)";"Logopédia és myofunkcionális";"myo kontroll|izomfunkció kontroll"
"Myofunkcionális kontroll (Skype/Zoom)";"Logopédia és myofunkcionális";"online myo kontroll|távkontroll myo"
"Myochew (rágóizom edző)";"Logopédia és myofunkcionális";"myochew|chewing trainer"
"Myoclean tisztítótabletta (12 db / 24 db)";"Logopédia és myofunkcionális";"myoclean|trainer tisztító tabletta"
"Myotalea TLJ készülék";"Logopédia és myofunkcionális";"myotalea|TLJ"
"Rágóizomrelaxáció ergonómiai szaktanácsadás";"Logopédia és myofunkcionális";"rágóizom relaxáció|ergonómia tanácsadás"
"Írásos összefoglaló rágóizom relaxációhoz";"Logopédia és myofunkcionális";"rágóizom írásos|relaxáció dokumentáció"
"Díjmentes kontroll";"Általános tételek";"díjmentes kontroll|free recall|ingyenes kontroll"
"Díjmentes konzultáció";"Általános tételek";"díjmentes konzultáció|ingyenes konzultáció"
"Késői lemondási díj";"Általános tételek";"lemondási díj|no-show díj|késői lemondás"
"Készenléti díj (30 perc)";"Általános tételek";"készenléti|standby|on-call díj"
"Egyéb dokumentáció elkészítése páciens kérésére";"Általános tételek";"egyéb dokumentáció|kustom dokumentáció|igazolás"
"Pénzvisszafizetés";"Általános tételek";"refund|pénzvisszafizetés"
"Korábbi túlfizetés korrekciója";"Általános tételek";"túlfizetés korrekció|overpayment correction"
"Szállítási díj / csomagfeladás";"Általános tételek";"szállítási díj|csomagfeladás|posta díj"
"Egyéb tétel (manuális)";"Általános tételek";"egyéb|other|manuális tétel"
"Családtag kedvezmény (20%)";"Általános tételek";"családi kedvezmény|family discount 20"
"Testvérkedvezmény (50%)";"Általános tételek";"testvér kedvezmény|sibling discount 50"
"Dolgozói kedvezmény (20%)";"Általános tételek";"dolgozói kedvezmény|staff discount 20"
"Eseti kedvezmény (5%)";"Általános tételek";"eseti 5|alkalmi kedvezmény 5"
"Eseti kedvezmény (10%)";"Általános tételek";"eseti 10|alkalmi kedvezmény 10"
"Eseti kedvezmény (20%)";"Általános tételek";"eseti 20|alkalmi kedvezmény 20"
"Eseti kedvezmény (25%)";"Általános tételek";"eseti 25|alkalmi kedvezmény 25"
"Eseti kedvezmény (50%)";"Általános tételek";"eseti 50|alkalmi kedvezmény 50"
"Eseti kedvezmény (100% / térítésmentes)";"Általános tételek";"eseti 100|térítésmentes|gesture goodwill"
"Marketing kedvezmény (videó beleegyezésért)";"Általános tételek";"marketing kedvezmény|videó beleegyezés kedvezmény"
"Lenyomati díj előrefizetve";"Általános tételek";"lenyomati előleg|impression deposit"
"Garancia visszafizetés (NTI/Silensor stb.)";"Általános tételek";"garancia visszafizetés|warranty refund"
"NOGAG hányinger elleni por (5 db)";"Általános tételek";"nogag|hányinger elleni por|antiemetic powder"
